Path,Cohort,Trial,Round,Phase,Role,participant_ID,parent/puzzler,team_ID,E4_nr,upset,hostile,alert,ashamed,inspired,nervous,determined,attentive,afraid,active,frustrated,difficulty,BVP_duration,BVP_n,HR_duration,HR_n,EDA_duration,EDA_n,TEMP_duration,TEMP_n
dataset_orig/D1_1/ID_3/round_1/phase1,D1_1,ID_3,round_1,phase1,parent,1.0,0.0,1.0,A03701,1.0,1.0,1.0,1.0,3.0,3.0,3.0,1.0,1.0,1.0,5.0,,0 days 00:07:22.265625,28306,0 days 00:07:21,442,0 days 00:07:22,1769,0 days 00:07:22,1769
dataset_orig/D1_1/ID_3/round_1/phase2,D1_1,ID_3,round_1,phase2,parent,1.0,0.0,1.0,A03701,2.0,2.0,1.0,1.0,3.0,1.0,1.0,1.0,1.0,2.0,3.0,2.0,0 days 00:05:45.484375,22112,0 days 00:05:44,345,0 days 00:05:45.250000,1382,0 days 00:05:45.250000,1382
dataset_orig/D1_1/ID_3/round_1/phase3,D1_1,ID_3,round_1,phase3,parent,1.0,0.0,1.0,A03701,1.0,1.0,1.0,1.0,2.0,2.0,3.0,4.0,1.0,4.0,1.0,,0 days 00:06:09.078125,23622,0 days 00:06:08,369,0 days 00:06:08.750000,1476,0 days 00:06:08.750000,1476
dataset_orig/D1_1/ID_3/round_2/phase1,D1_1,ID_3,round_2,phase1,parent,1.0,0.0,1.0,A03701,3.0,3.0,1.0,1.0,,1.0,2.0,3.0,4.0,2.0,4.0,,0 days 00:05:04.765625,19506,0 days 00:05:04,305,0 days 00:05:04.500000,1219,0 days 00:05:04.500000,1219
dataset_orig/D1_1/ID_3/round_2/phase2,D1_1,ID_3,round_2,phase2,parent,1.0,0.0,1.0,A03701,3.0,2.0,1.0,1.0,3.0,1.0,3.0,4.0,1.0,3.0,4.0,7.0,0 days 00:07:04.781250,27187,0 days 00:07:03,424,0 days 00:07:04.500000,1699,0 days 00:07:04.500000,1699
dataset_orig/D1_1/ID_3/round_2/phase3,D1_1,ID_3,round_2,phase3,parent,1.0,0.0,1.0,A03701,2.0,1.0,1.0,1.0,3.0,1.0,2.0,2.0,1.0,1.0,4.0,,0 days 00:05:05.843750,19575,0 days 00:05:04,305,0 days 00:05:05.500000,1223,0 days 00:05:05.500000,1223
dataset_orig/D1_1/ID_3/round_3/phase1,D1_1,ID_3,round_3,phase1,parent,1.0,0.0,1.0,A03701,2.0,1.0,2.0,1.0,,1.0,3.0,3.0,1.0,2.0,2.0,,0 days 00:04:58.203125,19086,0 days 00:04:58,299,0 days 00:04:58,1193,0 days 00:04:58,1193
dataset_orig/D1_1/ID_3/round_3/phase2,D1_1,ID_3,round_3,phase2,parent,1.0,0.0,1.0,A03701,1.0,1.0,1.0,1.0,3.0,1.0,3.0,3.0,1.0,4.0,3.0,6.0,0 days 00:05:12.375000,19993,0 days 00:05:12,313,0 days 00:05:12.250000,1250,0 days 00:05:12.250000,1250
dataset_orig/D1_1/ID_3/round_3/phase3,D1_1,ID_3,round_3,phase3,parent,1.0,0.0,1.0,A03701,2.0,1.0,1.0,1.0,2.0,1.0,,2.0,1.0,2.0,1.0,,0 days 00:05:05.656250,19563,0 days 00:05:05,306,0 days 00:05:05.500000,1223,0 days 00:05:05.500000,1223
dataset_orig/D1_1/ID_3/round_4/phase1,D1_1,ID_3,round_4,phase1,parent,1.0,0.0,1.0,A03701,1.0,1.0,1.0,1.0,3.0,1.0,3.0,2.0,1.0,1.0,0.0,,0 days 00:05:04.906250,19515,0 days 00:05:04,305,0 days 00:05:04.500000,1219,0 days 00:05:04.500000,1219
dataset_orig/D1_1/ID_3/round_4/phase2,D1_1,ID_3,round_4,phase2,parent,1.0,0.0,1.0,A03701,3.0,1.0,1.0,1.0,3.0,1.0,3.0,1.0,1.0,3.0,4.0,,0 days 00:05:09.734375,19824,0 days 00:05:08,309,0 days 00:05:09.500000,1239,0 days 00:05:09.500000,1239
dataset_orig/D1_1/ID_3/round_4/phase3,D1_1,ID_3,round_4,phase3,parent,1.0,0.0,1.0,A03701,2.0,1.0,1.0,1.0,3.0,1.0,4.0,3.0,1.0,2.0,2.0,,0 days 00:05:06.046875,19588,0 days 00:05:05,306,0 days 00:05:05.750000,1224,0 days 00:05:05.750000,1224
dataset_orig/D1_1/ID_8/round_1/phase1,D1_1,ID_8,round_1,phase1,puzzler,2.0,1.0,1.0,A0306B,1.0,1.0,4.0,1.0,3.0,3.0,3.0,3.0,1.0,2.0,2.0,,0 days 00:07:24.234375,28432,0 days 00:07:23,444,0 days 00:07:24,1777,0 days 00:07:24,1777
dataset_orig/D1_1/ID_8/round_1/phase2,D1_1,ID_8,round_1,phase2,puzzler,2.0,1.0,1.0,A0306B,1.0,1.0,4.0,1.0,4.0,2.0,4.0,3.0,1.0,3.0,2.0,2.0,0 days 00:05:43.875000,22009,0 days 00:05:43,344,0 days 00:05:43.750000,1376,0 days 00:05:43.750000,1376
dataset_orig/D1_1/ID_8/round_1/phase3,D1_1,ID_8,round_1,phase3,puzzler,2.0,1.0,1.0,A0306B,1.0,1.0,3.0,1.0,3.0,2.0,2.0,3.0,1.0,2.0,1.0,,0 days 00:06:06.984375,23488,0 days 00:06:06,367,0 days 00:06:06.750000,1468,0 days 00:06:06.750000,1468
dataset_orig/D1_1/ID_8/round_2/phase1,D1_1,ID_8,round_2,phase1,puzzler,2.0,1.0,1.0,A0306B,1.0,1.0,2.0,1.0,2.0,2.0,2.0,2.0,1.0,1.0,2.0,,0 days 00:05:06.093750,19591,0 days 00:05:05,306,0 days 00:05:05.750000,1224,0 days 00:05:05.750000,1224
dataset_orig/D1_1/ID_8/round_2/phase2,D1_1,ID_8,round_2,phase2,puzzler,2.0,1.0,1.0,A0306B,2.0,1.0,3.0,2.0,3.0,2.0,3.0,3.0,1.0,3.0,4.0,8.0,0 days 00:07:01.718750,26991,0 days 00:07:01,422,0 days 00:07:01.500000,1687,0 days 00:07:01.500000,1687
dataset_orig/D1_1/ID_8/round_2/phase3,D1_1,ID_8,round_2,phase3,puzzler,2.0,1.0,1.0,A0306B,2.0,1.0,2.0,3.0,2.0,1.0,2.0,2.0,1.0,2.0,4.0,,0 days 00:05:30.484375,21152,0 days 00:05:29,330,0 days 00:05:30.250000,1322,0 days 00:05:30.250000,1322
dataset_orig/D1_1/ID_8/round_3/phase1,D1_1,ID_8,round_3,phase1,puzzler,2.0,1.0,1.0,A0306B,1.0,1.0,2.0,1.0,2.0,2.0,2.0,2.0,1.0,2.0,2.0,,0 days 00:04:57.015625,19010,0 days 00:04:56,297,0 days 00:04:56.750000,1188,0 days 00:04:56.750000,1188
dataset_orig/D1_1/ID_8/round_3/phase2,D1_1,ID_8,round_3,phase2,puzzler,2.0,1.0,1.0,A0306B,1.0,1.0,3.0,1.0,3.0,2.0,3.0,3.0,1.0,3.0,3.0,7.0,0 days 00:05:25.296875,20820,0 days 00:05:24,325,0 days 00:05:25,1301,0 days 00:05:25,1301
dataset_orig/D1_1/ID_8/round_3/phase3,D1_1,ID_8,round_3,phase3,puzzler,2.0,1.0,1.0,A0306B,1.0,1.0,2.0,1.0,2.0,1.0,3.0,3.0,1.0,2.0,2.0,,0 days 00:05:03.765625,19442,0 days 00:05:03,304,0 days 00:05:03.500000,1215,0 days 00:05:03.500000,1215
dataset_orig/D1_1/ID_8/round_4/phase1,D1_1,ID_8,round_4,phase1,puzzler,2.0,1.0,1.0,A0306B,1.0,1.0,1.0,1.0,2.0,2.0,3.0,2.0,1.0,2.0,2.0,,0 days 00:05:03.437500,19421,0 days 00:05:02,303,0 days 00:05:03.250000,1214,0 days 00:05:03.250000,1214
dataset_orig/D1_1/ID_8/round_4/phase2,D1_1,ID_8,round_4,phase2,puzzler,2.0,1.0,1.0,A0306B,2.0,1.0,2.0,3.0,2.0,2.0,3.0,2.0,1.0,3.0,7.0,8.0,0 days 00:05:12.296875,19988,0 days 00:05:11,312,0 days 00:05:12,1249,0 days 00:05:12,1249
dataset_orig/D1_1/ID_8/round_4/phase3,D1_1,ID_8,round_4,phase3,puzzler,2.0,1.0,1.0,A0306B,2.0,1.0,2.0,3.0,2.0,1.0,2.0,2.0,1.0,2.0,4.0,,0 days 00:05:02.296875,19348,0 days 00:05:01,302,0 days 00:05:02,1209,0 days 00:05:02,1209
dataset_orig/D1_1/ID_4/round_1/phase1,D1_1,ID_4,round_1,phase1,puzzler,3.0,1.0,3.0,A02FBE,1.0,1.0,3.0,1.0,3.0,1.0,4.0,3.0,1.0,4.0,2.0,,0 days 00:05:34.015625,21378,0 days 00:05:33,334,0 days 00:05:33.750000,1336,0 days 00:05:33.750000,1336
dataset_orig/D1_1/ID_4/round_1/phase2,D1_1,ID_4,round_1,phase2,puzzler,3.0,1.0,3.0,A02FBE,3.0,1.0,3.0,3.0,2.0,1.0,4.0,3.0,1.0,3.0,3.0,7.0,0 days 00:07:25.843750,28535,0 days 00:07:25,446,0 days 00:07:25.750000,1784,0 days 00:07:25.750000,1784
dataset_orig/D1_1/ID_4/round_1/phase3,D1_1,ID_4,round_1,phase3,puzzler,3.0,1.0,3.0,A02FBE,2.0,1.0,2.0,1.0,3.0,1.0,3.0,3.0,1.0,4.0,3.0,,0 days 00:05:58.156250,22923,0 days 00:05:57,358,0 days 00:05:57.750000,1432,0 days 00:05:57.750000,1432
dataset_orig/D1_1/ID_4/round_2/phase1,D1_1,ID_4,round_2,phase1,puzzler,3.0,1.0,3.0,A02FBE,1.0,1.0,3.0,1.0,3.0,2.0,4.0,4.0,1.0,4.0,2.0,,0 days 00:03:57.718750,15215,0 days 00:03:47,228,0 days 00:03:57.500000,951,0 days 00:03:57.500000,951
dataset_orig/D1_1/ID_4/round_2/phase2,D1_1,ID_4,round_2,phase2,puzzler,3.0,1.0,3.0,A02FBE,4.0,1.0,4.0,3.0,4.0,2.0,3.0,4.0,1.0,4.0,6.0,6.0,0 days 00:05:08.343750,19735,0 days 00:05:07,308,0 days 00:05:08,1233,0 days 00:05:08,1233
dataset_orig/D1_1/ID_4/round_2/phase3,D1_1,ID_4,round_2,phase3,puzzler,3.0,1.0,3.0,A02FBE,2.0,1.0,3.0,2.0,3.0,1.0,4.0,3.0,1.0,4.0,5.0,,0 days 00:05:00.031250,19203,0 days 00:04:59,300,0 days 00:04:59.750000,1200,0 days 00:04:59.750000,1200
dataset_orig/D1_1/ID_4/round_3/phase1,D1_1,ID_4,round_3,phase1,puzzler,3.0,1.0,3.0,A02FBE,2.0,1.0,3.0,1.0,3.0,1.0,4.0,3.0,1.0,4.0,4.0,,0 days 00:04:53.125000,18761,0 days 00:04:52,293,0 days 00:04:53,1173,0 days 00:04:53,1173
dataset_orig/D1_1/ID_4/round_3/phase2,D1_1,ID_4,round_3,phase2,puzzler,3.0,1.0,3.0,A02FBE,2.0,1.0,3.0,2.0,3.0,1.0,3.0,3.0,1.0,4.0,6.0,7.0,0 days 00:05:20.125000,20489,0 days 00:05:19,320,0 days 00:05:19.750000,1280,0 days 00:05:19.750000,1280
dataset_orig/D1_1/ID_4/round_3/phase3,D1_1,ID_4,round_3,phase3,puzzler,3.0,1.0,3.0,A02FBE,1.0,1.0,3.0,2.0,3.0,2.0,3.0,3.0,1.0,4.0,3.0,,0 days 00:05:11.890625,19962,0 days 00:05:11,312,0 days 00:05:11.750000,1248,0 days 00:05:11.750000,1248
dataset_orig/D1_1/ID_4/round_4/phase1,D1_1,ID_4,round_4,phase1,puzzler,3.0,1.0,3.0,A02FBE,1.0,1.0,2.0,2.0,3.0,2.0,3.0,4.0,1.0,3.0,3.0,,0 days 00:05:01.046875,19268,0 days 00:05:00,301,0 days 00:05:00.750000,1204,0 days 00:05:00.750000,1204
dataset_orig/D1_1/ID_4/round_4/phase2,D1_1,ID_4,round_4,phase2,puzzler,3.0,1.0,3.0,A02FBE,1.0,1.0,2.0,1.0,2.0,1.0,3.0,3.0,1.0,3.0,4.0,6.0,0 days 00:05:09.234375,19792,0 days 00:05:09,310,0 days 00:05:09,1237,0 days 00:05:09,1237
dataset_orig/D1_1/ID_4/round_4/phase3,D1_1,ID_4,round_4,phase3,puzzler,3.0,1.0,3.0,A02FBE,1.0,1.0,2.0,1.0,2.0,1.0,3.0,3.0,1.0,3.0,2.0,,0 days 00:05:04.875000,19513,0 days 00:05:04,305,0 days 00:05:04.750000,1220,0 days 00:05:04.750000,1220
dataset_orig/D1_1/ID_5/round_1/phase1,D1_1,ID_5,round_1,phase1,parent,4.0,0.0,3.0,A03857,1.0,1.0,3.0,1.0,2.0,1.0,2.0,3.0,1.0,2.0,0.0,,0 days 00:07:26.796875,28596,0 days 00:07:26,447,0 days 00:07:26.500000,1787,0 days 00:07:26.500000,1787
dataset_orig/D1_1/ID_5/round_1/phase2,D1_1,ID_5,round_1,phase2,parent,4.0,0.0,3.0,A03857,2.0,1.0,2.0,4.0,2.0,2.0,2.0,3.0,1.0,2.0,5.0,7.0,0 days 00:05:52.484375,22560,0 days 00:05:52,353,0 days 00:05:52.250000,1410,0 days 00:05:52.250000,1410
dataset_orig/D1_1/ID_5/round_1/phase3,D1_1,ID_5,round_1,phase3,parent,4.0,0.0,3.0,A03857,2.0,1.0,2.0,2.0,3.0,2.0,4.0,4.0,1.0,3.0,2.0,,0 days 00:05:58.265625,22930,0 days 00:05:57,358,0 days 00:05:58,1433,0 days 00:05:58,1433
dataset_orig/D1_1/ID_5/round_2/phase1,D1_1,ID_5,round_2,phase1,parent,4.0,0.0,3.0,A03857,2.0,1.0,2.0,2.0,3.0,1.0,3.0,3.0,1.0,3.0,1.0,,0 days 00:05:05.484375,19552,0 days 00:05:04,305,0 days 00:05:05.250000,1222,0 days 00:05:05.250000,1222
dataset_orig/D1_1/ID_5/round_2/phase2,D1_1,ID_5,round_2,phase2,parent,4.0,0.0,3.0,A03857,3.0,1.0,3.0,4.0,3.0,1.0,2.0,3.0,1.0,2.0,7.0,9.0,0 days 00:05:16.078125,20230,0 days 00:05:15,316,0 days 00:05:15.750000,1264,0 days 00:05:15.750000,1264
dataset_orig/D1_1/ID_5/round_2/phase3,D1_1,ID_5,round_2,phase3,parent,4.0,0.0,3.0,A03857,2.0,1.0,2.0,3.0,2.0,1.0,2.0,3.0,1.0,2.0,6.0,,0 days 00:05:04.593750,19495,0 days 00:05:04,305,0 days 00:05:04.500000,1219,0 days 00:05:04.500000,1219
dataset_orig/D1_1/ID_5/round_3/phase1,D1_1,ID_5,round_3,phase1,parent,4.0,0.0,3.0,A03857,2.0,1.0,3.0,2.0,4.0,1.0,3.0,3.0,1.0,3.0,2.0,,0 days 00:04:57.859375,19064,0 days 00:04:57,298,0 days 00:04:57.750000,1192,0 days 00:04:57.750000,1192
dataset_orig/D1_1/ID_5/round_3/phase2,D1_1,ID_5,round_3,phase2,parent,4.0,0.0,3.0,A03857,2.0,1.0,2.0,1.0,2.0,1.0,2.0,2.0,1.0,2.0,2.0,6.0,0 days 00:05:19.921875,20476,0 days 00:05:19,320,0 days 00:05:19.750000,1280,0 days 00:05:19.750000,1280
dataset_orig/D1_1/ID_5/round_3/phase3,D1_1,ID_5,round_3,phase3,parent,4.0,0.0,3.0,A03857,1.0,1.0,3.0,2.0,4.0,1.0,4.0,2.0,1.0,2.0,5.0,,0 days 00:05:07.734375,19696,0 days 00:05:06,307,0 days 00:05:07.500000,1231,0 days 00:05:07.500000,1231
dataset_orig/D1_1/ID_5/round_4/phase1,D1_1,ID_5,round_4,phase1,parent,4.0,0.0,3.0,A03857,1.0,1.0,2.0,2.0,2.0,1.0,2.0,2.0,1.0,2.0,1.0,,0 days 00:05:36.781250,21555,0 days 00:05:36,337,0 days 00:05:36.500000,1347,0 days 00:05:36.500000,1347
dataset_orig/D1_1/ID_5/round_4/phase2,D1_1,ID_5,round_4,phase2,parent,4.0,0.0,3.0,A03857,2.0,1.0,2.0,2.0,2.0,1.0,3.0,2.0,1.0,2.0,5.0,6.0,0 days 00:05:10.546875,19876,0 days 00:05:10,311,0 days 00:05:10.250000,1242,0 days 00:05:10.250000,1242
dataset_orig/D1_1/ID_5/round_4/phase3,D1_1,ID_5,round_4,phase3,parent,4.0,0.0,3.0,A03857,2.0,1.0,1.0,2.0,1.0,1.0,1.0,1.0,1.0,2.0,5.0,,0 days 00:05:06.515625,19618,0 days 00:05:06,307,0 days 00:05:06.250000,1226,0 days 00:05:06.250000,1226
dataset_orig/D1_1/ID_7/round_1/phase1,D1_1,ID_7,round_1,phase1,puzzler,6.0,1.0,4.0,A03072,1.0,1.0,1.0,1.0,1.0,2.0,2.0,2.0,1.0,1.0,0.0,,0 days 00:07:26.093750,28551,0 days 00:07:25,446,0 days 00:07:25.750000,1784,0 days 00:07:25.750000,1784
dataset_orig/D1_1/ID_7/round_1/phase2,D1_1,ID_7,round_1,phase2,puzzler,6.0,1.0,4.0,A03072,1.0,1.0,3.0,2.0,1.0,2.0,3.0,3.0,1.0,2.0,1.0,7.0,0 days 00:05:42.765625,21938,0 days 00:05:42,343,0 days 00:05:42.500000,1371,0 days 00:05:42.500000,1371
dataset_orig/D1_1/ID_7/round_1/phase3,D1_1,ID_7,round_1,phase3,puzzler,6.0,1.0,4.0,A03072,1.0,1.0,1.0,1.0,1.0,2.0,3.0,2.0,1.0,1.0,2.0,,0 days 00:05:00.031250,19203,0 days 00:04:59,300,0 days 00:05:00,1201,0 days 00:05:00,1201
dataset_orig/D1_1/ID_7/round_2/phase1,D1_1,ID_7,round_2,phase1,puzzler,6.0,1.0,4.0,A03072,1.0,1.0,2.0,1.0,1.0,2.0,1.0,2.0,1.0,1.0,0.0,,0 days 00:05:05.765625,19570,0 days 00:05:05,306,0 days 00:05:05.750000,1224,0 days 00:05:05.750000,1224
dataset_orig/D1_1/ID_7/round_2/phase2,D1_1,ID_7,round_2,phase2,puzzler,6.0,1.0,4.0,A03072,2.0,1.0,1.0,1.0,1.0,1.0,4.0,3.0,1.0,2.0,5.0,8.0,0 days 00:05:19.156250,20427,0 days 00:05:19,320,0 days 00:05:19,1277,0 days 00:05:19,1277
dataset_orig/D1_1/ID_7/round_2/phase3,D1_1,ID_7,round_2,phase3,puzzler,6.0,1.0,4.0,A03072,1.0,1.0,2.0,1.0,1.0,1.0,2.0,1.0,1.0,1.0,1.0,,0 days 00:05:30.656250,21163,0 days 00:05:30,331,0 days 00:05:30.250000,1322,0 days 00:05:30.250000,1322
dataset_orig/D1_1/ID_7/round_3/phase1,D1_1,ID_7,round_3,phase1,puzzler,6.0,1.0,4.0,A03072,1.0,1.0,1.0,1.0,1.0,2.0,2.0,2.0,1.0,1.0,0.0,,0 days 00:05:05.593750,19559,0 days 00:05:05,306,0 days 00:05:05.500000,1223,0 days 00:05:05.500000,1223
dataset_orig/D1_1/ID_7/round_3/phase2,D1_1,ID_7,round_3,phase2,puzzler,6.0,1.0,4.0,A03072,1.0,1.0,1.0,1.0,1.0,1.0,4.0,4.0,1.0,2.0,5.0,7.0,0 days 00:05:20.125000,20489,0 days 00:05:19,320,0 days 00:05:19.750000,1280,0 days 00:05:19.750000,1280
dataset_orig/D1_1/ID_7/round_3/phase3,D1_1,ID_7,round_3,phase3,puzzler,6.0,1.0,4.0,A03072,1.0,1.0,1.0,1.0,1.0,1.0,2.0,2.0,1.0,1.0,1.0,,0 days 00:05:05.187500,19533,0 days 00:05:04,305,0 days 00:05:05,1221,0 days 00:05:05,1221
dataset_orig/D1_1/ID_7/round_4/phase1,D1_1,ID_7,round_4,phase1,puzzler,6.0,1.0,4.0,A03072,1.0,1.0,1.0,1.0,1.0,2.0,4.0,2.0,1.0,1.0,0.0,,0 days 00:05:32.984375,21312,0 days 00:05:32,333,0 days 00:05:32.750000,1332,0 days 00:05:32.750000,1332
dataset_orig/D1_1/ID_7/round_4/phase2,D1_1,ID_7,round_4,phase2,puzzler,6.0,1.0,4.0,A03072,1.0,1.0,1.0,1.0,1.0,1.0,2.0,2.0,1.0,1.0,4.0,5.0,0 days 00:05:12.046875,19972,0 days 00:05:11,312,0 days 00:05:11.750000,1248,0 days 00:05:11.750000,1248
dataset_orig/D1_1/ID_7/round_4/phase3,D1_1,ID_7,round_4,phase3,puzzler,6.0,1.0,4.0,A03072,1.0,1.0,1.0,1.0,1.0,1.0,1.0,1.0,1.0,1.0,0.0,,0 days 00:05:06.765625,19634,0 days 00:05:06,307,0 days 00:05:06.500000,1227,0 days 00:05:06.500000,1227
dataset_orig/D1_1/ID_6/round_1/phase1,D1_1,ID_6,round_1,phase1,parent,5.0,0.0,4.0,A02B10,1.0,1.0,3.0,1.0,3.0,2.0,2.0,3.0,1.0,2.0,1.0,,0 days 00:07:27.625000,28649,0 days 00:07:27,448,0 days 00:07:27.250000,1790,0 days 00:07:27.250000,1790
dataset_orig/D1_1/ID_6/round_1/phase2,D1_1,ID_6,round_1,phase2,parent,5.0,0.0,4.0,A02B10,1.0,1.0,4.0,1.0,3.0,1.0,4.0,4.0,1.0,4.0,4.0,6.0,0 days 00:05:47.453125,22238,0 days 00:05:46,347,0 days 00:05:47.250000,1390,0 days 00:05:47.250000,1390
dataset_orig/D1_1/ID_6/round_1/phase3,D1_1,ID_6,round_1,phase3,parent,5.0,0.0,4.0,A02B10,1.0,1.0,3.0,1.0,3.0,1.0,3.0,3.0,1.0,2.0,2.0,,0 days 00:04:59.343750,19159,0 days 00:04:58,299,0 days 00:04:59.250000,1198,0 days 00:04:59.250000,1198
dataset_orig/D1_1/ID_6/round_2/phase1,D1_1,ID_6,round_2,phase1,parent,5.0,0.0,4.0,A02B10,1.0,1.0,3.0,1.0,2.0,1.0,3.0,2.0,1.0,2.0,1.0,,0 days 00:05:05.906250,19579,0 days 00:05:05,306,0 days 00:05:05.500000,1223,0 days 00:05:05.500000,1223
dataset_orig/D1_1/ID_6/round_2/phase2,D1_1,ID_6,round_2,phase2,parent,5.0,0.0,4.0,A02B10,1.0,1.0,3.0,2.0,2.0,1.0,2.0,3.0,1.0,3.0,5.0,8.0,0 days 00:05:17.843750,20343,0 days 00:05:17,318,0 days 00:05:17.750000,1272,0 days 00:05:17.750000,1272
dataset_orig/D1_1/ID_6/round_2/phase3,D1_1,ID_6,round_2,phase3,parent,5.0,0.0,4.0,A02B10,1.0,1.0,2.0,1.0,2.0,1.0,3.0,2.0,1.0,2.0,2.0,,0 days 00:05:24.796875,20788,0 days 00:05:24,325,0 days 00:05:24.500000,1299,0 days 00:05:24.500000,1299
dataset_orig/D1_1/ID_6/round_3/phase1,D1_1,ID_6,round_3,phase1,parent,5.0,0.0,4.0,A02B10,1.0,1.0,2.0,1.0,1.0,1.0,2.0,2.0,1.0,1.0,1.0,,0 days 00:04:57.375000,19033,0 days 00:04:56,297,0 days 00:04:57,1189,0 days 00:04:57,1189
dataset_orig/D1_1/ID_6/round_3/phase2,D1_1,ID_6,round_3,phase2,parent,5.0,0.0,4.0,A02B10,1.0,1.0,3.0,1.0,2.0,1.0,3.0,3.0,1.0,3.0,4.0,5.0,0 days 00:05:22.046875,20612,0 days 00:05:21,322,0 days 00:05:21.750000,1288,0 days 00:05:21.750000,1288
dataset_orig/D1_1/ID_6/round_3/phase3,D1_1,ID_6,round_3,phase3,parent,5.0,0.0,4.0,A02B10,2.0,2.0,1.0,1.0,1.0,1.0,1.0,1.0,1.0,2.0,2.0,,0 days 00:05:05.734375,19568,0 days 00:05:05,306,0 days 00:05:05.500000,1223,0 days 00:05:05.500000,1223
dataset_orig/D1_1/ID_6/round_4/phase1,D1_1,ID_6,round_4,phase1,parent,5.0,0.0,4.0,A02B10,1.0,1.0,1.0,1.0,1.0,1.0,2.0,1.0,1.0,1.0,1.0,,0 days 00:05:02.078125,19334,0 days 00:05:01,302,0 days 00:05:01.750000,1208,0 days 00:05:01.750000,1208
dataset_orig/D1_1/ID_6/round_4/phase2,D1_1,ID_6,round_4,phase2,parent,5.0,0.0,4.0,A02B10,1.0,1.0,3.0,1.0,4.0,1.0,4.0,4.0,1.0,3.0,5.0,4.0,0 days 00:05:12.078125,19974,0 days 00:05:12,313,0 days 00:05:12,1249,0 days 00:05:12,1249
dataset_orig/D1_1/ID_6/round_4/phase3,D1_1,ID_6,round_4,phase3,parent,5.0,0.0,4.0,A02B10,1.0,1.0,1.0,1.0,1.0,1.0,1.0,1.0,1.0,1.0,0.0,,0 days 00:05:07.875000,19705,0 days 00:05:07,308,0 days 00:05:07.750000,1232,0 days 00:05:07.750000,1232
dataset_orig/D1_1/ID_2/round_1/phase1,D1_1,ID_2,round_1,phase1,parent,8.0,0.0,2.0,A03804,1.0,1.0,2.0,1.0,1.0,2.0,2.0,2.0,1.0,2.0,2.0,,0 days 00:03:48.671875,14636,0 days 00:03:48,229,0 days 00:03:48.500000,915,0 days 00:03:48.500000,915
dataset_orig/D1_1/ID_2/round_1/phase2,D1_1,ID_2,round_1,phase2,parent,8.0,0.0,2.0,A03804,3.0,1.0,3.0,2.0,1.0,1.0,3.0,3.0,1.0,3.0,5.0,5.0,0 days 00:05:44.203125,22030,0 days 00:05:44,345,0 days 00:05:44,1377,0 days 00:05:44,1377
dataset_orig/D1_1/ID_2/round_1/phase3,D1_1,ID_2,round_1,phase3,parent,8.0,0.0,2.0,A03804,1.0,1.0,2.0,1.0,1.0,1.0,2.0,2.0,1.0,1.0,2.0,,0 days 00:06:09.062500,23621,0 days 00:06:08,369,0 days 00:06:08.750000,1476,0 days 00:06:08.750000,1476
dataset_orig/D1_1/ID_2/round_2/phase1,D1_1,ID_2,round_2,phase1,parent,8.0,0.0,2.0,A03804,2.0,1.0,2.0,1.0,1.0,1.0,2.0,2.0,1.0,1.0,2.0,,0 days 00:05:08.265625,19730,0 days 00:05:07,308,0 days 00:05:08,1233,0 days 00:05:08,1233
dataset_orig/D1_1/ID_2/round_2/phase2,D1_1,ID_2,round_2,phase2,parent,8.0,0.0,2.0,A03804,1.0,1.0,3.0,1.0,1.0,1.0,4.0,4.0,1.0,3.0,3.0,3.0,0 days 00:05:17.984375,20352,0 days 00:05:17,318,0 days 00:05:17.750000,1272,0 days 00:05:17.750000,1272
dataset_orig/D1_1/ID_2/round_2/phase3,D1_1,ID_2,round_2,phase3,parent,8.0,0.0,2.0,A03804,1.0,1.0,2.0,1.0,1.0,1.0,2.0,2.0,1.0,1.0,1.0,,0 days 00:05:32.765625,21298,0 days 00:05:32,333,0 days 00:05:32.500000,1331,0 days 00:05:32.500000,1331
dataset_orig/D1_1/ID_2/round_3/phase1,D1_1,ID_2,round_3,phase1,parent,8.0,0.0,2.0,A03804,1.0,1.0,2.0,1.0,1.0,1.0,3.0,3.0,1.0,2.0,1.0,,0 days 00:04:57.562500,19045,0 days 00:04:57,298,0 days 00:04:57.500000,1191,0 days 00:04:57.500000,1191
dataset_orig/D1_1/ID_2/round_3/phase2,D1_1,ID_2,round_3,phase2,parent,8.0,0.0,2.0,A03804,2.0,1.0,1.0,2.0,1.0,1.0,2.0,2.0,1.0,1.0,4.0,5.0,0 days 00:05:12.531250,20003,0 days 00:05:11,312,0 days 00:05:12.250000,1250,0 days 00:05:12.250000,1250
dataset_orig/D1_1/ID_2/round_3/phase3,D1_1,ID_2,round_3,phase3,parent,8.0,0.0,2.0,A03804,2.0,1.0,1.0,1.0,1.0,1.0,2.0,2.0,1.0,1.0,2.0,,0 days 00:05:05.218750,19535,0 days 00:05:04,305,0 days 00:05:05,1221,0 days 00:05:05,1221
dataset_orig/D1_1/ID_2/round_4/phase1,D1_1,ID_2,round_4,phase1,parent,8.0,0.0,2.0,A03804,1.0,1.0,2.0,1.0,1.0,2.0,2.0,2.0,1.0,1.0,2.0,,0 days 00:05:29.453125,21086,0 days 00:05:29,330,0 days 00:05:29.250000,1318,0 days 00:05:29.250000,1318
dataset_orig/D1_1/ID_2/round_4/phase2,D1_1,ID_2,round_4,phase2,parent,8.0,0.0,2.0,A03804,2.0,1.0,2.0,1.0,1.0,1.0,2.0,2.0,1.0,2.0,3.0,3.0,0 days 00:05:25.375000,20825,0 days 00:05:25,326,0 days 00:05:25.250000,1302,0 days 00:05:25.250000,1302
dataset_orig/D1_1/ID_2/round_4/phase3,D1_1,ID_2,round_4,phase3,parent,8.0,0.0,2.0,A03804,1.0,1.0,1.0,1.0,1.0,1.0,2.0,1.0,1.0,1.0,1.0,,0 days 00:05:06.125000,19593,0 days 00:05:05,306,0 days 00:05:05.750000,1224,0 days 00:05:05.750000,1224
dataset_orig/D1_1/ID_1/round_1/phase1,D1_1,ID_1,round_1,phase1,puzzler,7.0,1.0,2.0,A0388C,1.0,1.0,2.0,1.0,2.0,2.0,3.0,3.0,1.0,2.0,1.0,,0 days 00:07:27.234375,28624,0 days 00:07:27,448,0 days 00:07:27,1789,0 days 00:07:27,1789
dataset_orig/D1_1/ID_1/round_1/phase2,D1_1,ID_1,round_1,phase2,puzzler,7.0,1.0,2.0,A0388C,1.0,1.0,1.0,1.0,3.0,1.0,3.0,2.0,1.0,3.0,2.0,5.0,0 days 00:06:31.875000,25081,0 days 00:06:31,392,0 days 00:06:31.500000,1567,0 days 00:06:31.500000,1567
dataset_orig/D1_1/ID_1/round_1/phase3,D1_1,ID_1,round_1,phase3,puzzler,7.0,1.0,2.0,A0388C,1.0,1.0,1.0,1.0,2.0,1.0,2.0,2.0,1.0,1.0,3.0,,0 days 00:06:10.156250,23691,0 days 00:06:09,370,0 days 00:06:09.750000,1480,0 days 00:06:09.750000,1480
dataset_orig/D1_1/ID_1/round_2/phase1,D1_1,ID_1,round_2,phase1,puzzler,7.0,1.0,2.0,A0388C,1.0,1.0,1.0,1.0,2.0,1.0,3.0,2.0,1.0,1.0,4.0,,0 days 00:05:05.687500,19565,0 days 00:05:05,306,0 days 00:05:05.500000,1223,0 days 00:05:05.500000,1223
dataset_orig/D1_1/ID_1/round_2/phase2,D1_1,ID_1,round_2,phase2,puzzler,7.0,1.0,2.0,A0388C,1.0,1.0,2.0,1.0,2.0,1.0,3.0,3.0,1.0,3.0,1.0,2.0,0 days 00:05:18.140625,20362,0 days 00:05:17,318,0 days 00:05:18,1273,0 days 00:05:18,1273
dataset_orig/D1_1/ID_1/round_2/phase3,D1_1,ID_1,round_2,phase3,puzzler,7.0,1.0,2.0,A0388C,1.0,1.0,1.0,1.0,2.0,1.0,2.0,2.0,1.0,2.0,4.0,,0 days 00:05:35.046875,21444,0 days 00:05:34,335,0 days 00:05:34.750000,1340,0 days 00:05:34.750000,1340
dataset_orig/D1_1/ID_1/round_3/phase1,D1_1,ID_1,round_3,phase1,puzzler,7.0,1.0,2.0,A0388C,1.0,1.0,1.0,1.0,2.0,1.0,3.0,2.0,1.0,2.0,3.0,,0 days 00:04:56.968750,19007,0 days 00:04:56,297,0 days 00:04:56.750000,1188,0 days 00:04:56.750000,1188
dataset_orig/D1_1/ID_1/round_3/phase2,D1_1,ID_1,round_3,phase2,puzzler,7.0,1.0,2.0,A0388C,2.0,1.0,1.0,2.0,2.0,1.0,2.0,3.0,1.0,2.0,4.0,7.0,0 days 00:05:14.421875,20124,0 days 00:05:14,315,0 days 00:05:14.250000,1258,0 days 00:05:14.250000,1258
dataset_orig/D1_1/ID_1/round_3/phase3,D1_1,ID_1,round_3,phase3,puzzler,7.0,1.0,2.0,A0388C,1.0,1.0,1.0,1.0,1.0,1.0,2.0,2.0,1.0,2.0,3.0,,0 days 00:05:01.156250,19275,0 days 00:05:00,301,0 days 00:05:00.750000,1204,0 days 00:05:00.750000,1204
dataset_orig/D1_1/ID_1/round_4/phase1,D1_1,ID_1,round_4,phase1,puzzler,7.0,1.0,2.0,A0388C,1.0,1.0,1.0,1.0,2.0,1.0,,,,,3.0,,0 days 00:05:25.796875,20852,0 days 00:05:25,326,0 days 00:05:25.500000,1303,0 days 00:05:25.500000,1303
dataset_orig/D1_1/ID_1/round_4/phase2,D1_1,ID_1,round_4,phase2,puzzler,7.0,1.0,2.0,A0388C,1.0,1.0,1.0,1.0,3.0,1.0,3.0,3.0,1.0,3.0,1.0,6.0,0 days 00:05:30.062500,21125,0 days 00:05:29,330,0 days 00:05:29.750000,1320,0 days 00:05:29.750000,1320
dataset_orig/D1_1/ID_1/round_4/phase3,D1_1,ID_1,round_4,phase3,puzzler,7.0,1.0,2.0,A0388C,1.0,1.0,1.0,1.0,2.0,1.0,2.0,2.0,1.0,2.0,4.0,,0 days 00:05:04.015625,19458,0 days 00:05:03,304,0 days 00:05:03.750000,1216,0 days 00:05:03.750000,1216
dataset_orig/D1_2/ID_3/round_1/phase1,D1_2,ID_3,round_1,phase1,parent,14.0,0.0,3.0,A02B10,1.0,1.0,1.0,1.0,2.0,1.0,4.0,1.0,1.0,1.0,0.0,,0 days 00:05:01.703125,19310,0 days 00:05:00,301,0 days 00:05:01.500000,1207,0 days 00:05:01.500000,1207
dataset_orig/D1_2/ID_3/round_1/phase2,D1_2,ID_3,round_1,phase2,parent,14.0,0.0,3.0,A02B10,2.0,3.0,4.0,4.0,2.0,3.0,4.0,3.0,2.0,5.0,4.0,5.0,0 days 00:05:19.156250,20427,0 days 00:05:18,319,0 days 00:05:19,1277,0 days 00:05:19,1277
dataset_orig/D1_2/ID_3/round_1/phase3,D1_2,ID_3,round_1,phase3,parent,14.0,0.0,3.0,A02B10,1.0,1.0,2.0,2.0,1.0,1.0,1.0,2.0,1.0,3.0,2.0,,0 days 00:05:00.140625,19210,0 days 00:04:59,300,0 days 00:05:00,1201,0 days 00:05:00,1201
dataset_orig/D1_2/ID_3/round_2/phase1,D1_2,ID_3,round_2,phase1,parent,14.0,0.0,3.0,A02B10,1.0,1.0,2.0,1.0,2.0,1.0,2.0,2.0,1.0,2.0,1.0,,0 days 00:05:01.875000,19321,0 days 00:05:00,301,0 days 00:05:01.500000,1207,0 days 00:05:01.500000,1207
dataset_orig/D1_2/ID_3/round_2/phase2,D1_2,ID_3,round_2,phase2,parent,14.0,0.0,3.0,A02B10,2.0,2.0,3.0,2.0,1.0,3.0,4.0,5.0,2.0,5.0,2.0,6.0,0 days 00:05:03.515625,19426,0 days 00:05:03,304,0 days 00:05:03.250000,1214,0 days 00:05:03.250000,1214
dataset_orig/D1_2/ID_3/round_2/phase3,D1_2,ID_3,round_2,phase3,parent,14.0,0.0,3.0,A02B10,1.0,1.0,2.0,1.0,1.0,1.0,2.0,2.0,1.0,2.0,1.0,,0 days 00:04:58.812500,19125,0 days 00:04:58,299,0 days 00:04:58.750000,1196,0 days 00:04:58.750000,1196
dataset_orig/D1_2/ID_3/round_3/phase1,D1_2,ID_3,round_3,phase1,parent,14.0,0.0,3.0,A02B10,1.0,1.0,1.0,1.0,1.0,1.0,2.0,2.0,1.0,2.0,1.0,,0 days 00:05:02.843750,19383,0 days 00:05:02,303,0 days 00:05:02.750000,1212,0 days 00:05:02.750000,1212
dataset_orig/D1_2/ID_3/round_3/phase2,D1_2,ID_3,round_3,phase2,parent,14.0,0.0,3.0,A02B10,2.0,1.0,4.0,2.0,2.0,3.0,5.0,5.0,2.0,5.0,3.0,6.0,0 days 00:05:10.296875,19860,0 days 00:05:10,311,0 days 00:05:10,1241,0 days 00:05:10,1241
dataset_orig/D1_2/ID_3/round_3/phase3,D1_2,ID_3,round_3,phase3,parent,14.0,0.0,3.0,A02B10,1.0,1.0,1.0,1.0,1.0,1.0,2.0,2.0,1.0,2.0,0.0,,0 days 00:05:01.187500,19277,0 days 00:05:00,301,0 days 00:05:01,1205,0 days 00:05:01,1205
dataset_orig/D1_2/ID_3/round_4/phase1,D1_2,ID_3,round_4,phase1,parent,14.0,0.0,3.0,A02B10,1.0,1.0,1.0,1.0,1.0,1.0,2.0,2.0,1.0,2.0,0.0,,0 days 00:05:00.906250,19259,0 days 00:05:00,301,0 days 00:05:00.750000,1204,0 days 00:05:00.750000,1204
dataset_orig/D1_2/ID_3/round_4/phase2,D1_2,ID_3,round_4,phase2,parent,14.0,0.0,3.0,A02B10,1.0,1.0,4.0,2.0,1.0,2.0,5.0,5.0,2.0,5.0,3.0,6.0,0 days 00:05:03.375000,19417,0 days 00:05:02,303,0 days 00:05:03.250000,1214,0 days 00:05:03.250000,1214
dataset_orig/D1_2/ID_3/round_4/phase3,D1_2,ID_3,round_4,phase3,parent,14.0,0.0,3.0,A02B10,1.0,1.0,2.0,2.0,1.0,1.0,2.0,1.0,1.0,1.0,1.0,,0 days 00:05:06.640625,19626,0 days 00:05:05,306,0 days 00:05:06.500000,1227,0 days 00:05:06.500000,1227
dataset_orig/D1_2/ID_4/round_1/phase1,D1_2,ID_4,round_1,phase1,puzzler,13.0,1.0,3.0,A02FBE,1.0,1.0,1.0,1.0,1.0,1.0,1.0,1.0,1.0,1.0,1.0,,0 days 00:05:03.109375,19400,0 days 00:05:03,304,0 days 00:05:03,1213,0 days 00:05:03,1213
dataset_orig/D1_2/ID_4/round_1/phase2,D1_2,ID_4,round_1,phase2,puzzler,13.0,1.0,3.0,A02FBE,2.0,1.0,2.0,1.0,1.0,1.0,2.0,3.0,1.0,2.0,1.0,2.0,0 days 00:05:17.484375,20320,0 days 00:05:16,317,0 days 00:05:17.250000,1270,0 days 00:05:17.250000,1270
dataset_orig/D1_2/ID_4/round_1/phase3,D1_2,ID_4,round_1,phase3,puzzler,13.0,1.0,3.0,A02FBE,1.0,1.0,1.0,1.0,1.0,1.0,1.0,1.0,1.0,1.0,1.0,,0 days 00:05:00.812500,19253,0 days 00:04:59,300,0 days 00:05:00.500000,1203,0 days 00:05:00.500000,1203
dataset_orig/D1_2/ID_4/round_2/phase1,D1_2,ID_4,round_2,phase1,puzzler,13.0,1.0,3.0,A02FBE,1.0,1.0,1.0,1.0,1.0,1.0,1.0,1.0,1.0,1.0,1.0,,0 days 00:05:02.890625,19386,0 days 00:05:02,303,0 days 00:05:02.750000,1212,0 days 00:05:02.750000,1212
dataset_orig/D1_2/ID_4/round_2/phase2,D1_2,ID_4,round_2,phase2,puzzler,13.0,1.0,3.0,A02FBE,1.0,1.0,2.0,1.0,1.0,1.0,3.0,3.0,1.0,3.0,1.0,4.0,0 days 00:05:02.656250,19371,0 days 00:05:02,303,0 days 00:05:02.500000,1211,0 days 00:05:02.500000,1211
dataset_orig/D1_2/ID_4/round_2/phase3,D1_2,ID_4,round_2,phase3,puzzler,13.0,1.0,3.0,A02FBE,1.0,1.0,1.0,1.0,1.0,1.0,2.0,1.0,1.0,1.0,1.0,,0 days 00:05:01.546875,19300,0 days 00:05:01,302,0 days 00:05:01.500000,1207,0 days 00:05:01.500000,1207
dataset_orig/D1_2/ID_4/round_3/phase1,D1_2,ID_4,round_3,phase1,puzzler,13.0,1.0,3.0,A02FBE,1.0,1.0,1.0,1.0,1.0,1.0,3.0,1.0,1.0,1.0,1.0,,0 days 00:05:02.406250,19355,0 days 00:05:01,302,0 days 00:05:02,1209,0 days 00:05:02,1209
dataset_orig/D1_2/ID_4/round_3/phase2,D1_2,ID_4,round_3,phase2,puzzler,13.0,1.0,3.0,A02FBE,1.0,1.0,1.0,1.0,2.0,1.0,3.0,2.0,1.0,3.0,1.0,7.0,0 days 00:05:10.421875,19868,0 days 00:05:09,310,0 days 00:05:10.250000,1242,0 days 00:05:10.250000,1242
dataset_orig/D1_2/ID_4/round_3/phase3,D1_2,ID_4,round_3,phase3,puzzler,13.0,1.0,3.0,A02FBE,1.0,1.0,1.0,1.0,1.0,1.0,2.0,1.0,1.0,1.0,1.0,,0 days 00:05:01.375000,19289,0 days 00:05:01,302,0 days 00:05:01,1205,0 days 00:05:01,1205
dataset_orig/D1_2/ID_4/round_4/phase1,D1_2,ID_4,round_4,phase1,puzzler,13.0,1.0,3.0,A02FBE,1.0,1.0,1.0,2.0,1.0,1.0,1.0,1.0,1.0,1.0,1.0,,0 days 00:05:01.406250,19291,0 days 00:05:01,302,0 days 00:05:01.250000,1206,0 days 00:05:01.250000,1206
dataset_orig/D1_2/ID_4/round_4/phase2,D1_2,ID_4,round_4,phase2,puzzler,13.0,1.0,3.0,A02FBE,1.0,1.0,2.0,2.0,2.0,1.0,3.0,2.0,1.0,3.0,2.0,8.0,0 days 00:05:03.796875,19444,0 days 00:05:03,304,0 days 00:05:03.500000,1215,0 days 00:05:03.500000,1215
dataset_orig/D1_2/ID_4/round_4/phase3,D1_2,ID_4,round_4,phase3,puzzler,13.0,1.0,3.0,A02FBE,2.0,1.0,1.0,1.0,1.0,1.0,1.0,1.0,1.0,1.0,3.0,,0 days 00:05:04.343750,19479,0 days 00:05:03,304,0 days 00:05:04,1217,0 days 00:05:04,1217
dataset_orig/D1_2/ID_5/round_1/phase1,D1_2,ID_5,round_1,phase1,puzzler,9.0,1.0,1.0,A02857,1.0,1.0,2.0,1.0,2.0,2.0,2.0,2.0,1.0,1.0,0.0,,0 days 00:05:03.515625,19426,0 days 00:05:03,304,0 days 00:05:03.500000,1215,0 days 00:05:03.500000,1215
dataset_orig/D1_2/ID_5/round_1/phase2,D1_2,ID_5,round_1,phase2,puzzler,9.0,1.0,1.0,A02857,2.0,1.0,3.0,1.0,2.0,2.0,3.0,4.0,1.0,3.0,1.0,5.0,0 days 00:06:32.796875,25140,0 days 00:06:32,393,0 days 00:06:32.500000,1571,0 days 00:06:32.500000,1571
dataset_orig/D1_2/ID_5/round_1/phase3,D1_2,ID_5,round_1,phase3,puzzler,9.0,1.0,1.0,A02857,1.0,1.0,1.0,1.0,1.0,1.0,1.0,1.0,1.0,1.0,0.0,,0 days 00:04:39.406250,17883,0 days 00:04:39,280,0 days 00:04:39.250000,1118,0 days 00:04:39.250000,1118
dataset_orig/D1_2/ID_5/round_2/phase1,D1_2,ID_5,round_2,phase1,puzzler,9.0,1.0,1.0,A02857,1.0,1.0,1.0,1.0,1.0,2.0,1.0,1.0,1.0,1.0,1.0,,0 days 00:05:00.906250,19259,0 days 00:05:00,301,0 days 00:05:00.750000,1204,0 days 00:05:00.750000,1204
dataset_orig/D1_2/ID_5/round_2/phase2,D1_2,ID_5,round_2,phase2,puzzler,9.0,1.0,1.0,A02857,2.0,1.0,3.0,2.0,1.0,2.0,4.0,4.0,1.0,4.0,5.0,5.0,0 days 00:05:03.921875,19452,0 days 00:05:03,304,0 days 00:05:03.750000,1216,0 days 00:05:03.750000,1216
dataset_orig/D1_2/ID_5/round_2/phase3,D1_2,ID_5,round_2,phase3,puzzler,9.0,1.0,1.0,A02857,1.0,1.0,1.0,1.0,2.0,2.0,1.0,1.0,1.0,1.0,1.0,,0 days 00:05:02.171875,19340,0 days 00:05:02,303,0 days 00:05:02,1209,0 days 00:05:02,1209
dataset_orig/D1_2/ID_5/round_3/phase1,D1_2,ID_5,round_3,phase1,puzzler,9.0,1.0,1.0,A02857,1.0,1.0,1.0,1.0,1.0,2.0,1.0,2.0,1.0,1.0,0.0,,0 days 00:05:03.546875,19428,0 days 00:05:02,303,0 days 00:05:03.250000,1214,0 days 00:05:03.250000,1214
dataset_orig/D1_2/ID_5/round_3/phase2,D1_2,ID_5,round_3,phase2,puzzler,9.0,1.0,1.0,A02857,3.0,1.0,3.0,1.0,1.0,1.0,3.0,3.0,1.0,3.0,4.0,6.0,0 days 00:05:22.296875,20628,0 days 00:05:21,322,0 days 00:05:22,1289,0 days 00:05:22,1289
dataset_orig/D1_2/ID_5/round_3/phase3,D1_2,ID_5,round_3,phase3,puzzler,9.0,1.0,1.0,A02857,1.0,1.0,1.0,1.0,2.0,2.0,2.0,2.0,1.0,1.0,1.0,,0 days 00:05:08.734375,19760,0 days 00:05:08,309,0 days 00:05:08.500000,1235,0 days 00:05:08.500000,1235
dataset_orig/D1_2/ID_5/round_4/phase1,D1_2,ID_5,round_4,phase1,puzzler,9.0,1.0,1.0,A02857,2.0,1.0,2.0,2.0,1.0,2.0,1.0,1.0,1.0,1.0,1.0,,0 days 00:05:01.218750,19279,0 days 00:05:01,302,0 days 00:05:01,1205,0 days 00:05:01,1205
dataset_orig/D1_2/ID_5/round_4/phase2,D1_2,ID_5,round_4,phase2,puzzler,9.0,1.0,1.0,A02857,3.0,2.0,4.0,1.0,2.0,1.0,4.0,4.0,1.0,4.0,8.0,8.0,0 days 00:05:03.734375,19440,0 days 00:05:02,303,0 days 00:05:03.500000,1215,0 days 00:05:03.500000,1215
dataset_orig/D1_2/ID_5/round_4/phase3,D1_2,ID_5,round_4,phase3,puzzler,9.0,1.0,1.0,A02857,1.0,1.0,1.0,1.0,2.0,1.0,2.0,2.0,1.0,2.0,1.0,,0 days 00:05:05.859375,19576,0 days 00:05:05,306,0 days 00:05:05.750000,1224,0 days 00:05:05.750000,1224
dataset_orig/D1_2/ID_6/round_1/phase1,D1_2,ID_6,round_1,phase1,puzzler,11.0,1.0,2.0,A02FC2,1.0,1.0,2.0,1.0,3.0,2.0,4.0,4.0,1.0,3.0,0.0,,0 days 00:05:03.312500,19413,0 days 00:05:03,304,0 days 00:05:03.250000,1214,0 days 00:05:03.250000,1214
dataset_orig/D1_2/ID_6/round_1/phase2,D1_2,ID_6,round_1,phase2,puzzler,11.0,1.0,2.0,A02FC2,2.0,1.0,2.0,1.0,3.0,2.0,4.0,4.0,1.0,4.0,2.0,5.0,0 days 00:05:00.437500,19229,0 days 00:04:59,300,0 days 00:05:00.250000,1202,0 days 00:05:00.250000,1202
dataset_orig/D1_2/ID_6/round_1/phase3,D1_2,ID_6,round_1,phase3,puzzler,11.0,1.0,2.0,A02FC2,1.0,1.0,1.0,1.0,3.0,1.0,2.0,1.0,1.0,1.0,0.0,,0 days 00:05:01.562500,19301,0 days 00:05:01,302,0 days 00:05:01.250000,1206,0 days 00:05:01.250000,1206
dataset_orig/D1_2/ID_6/round_2/phase1,D1_2,ID_6,round_2,phase1,puzzler,11.0,1.0,2.0,A02FC2,1.0,1.0,2.0,1.0,3.0,2.0,3.0,4.0,1.0,2.0,1.0,,0 days 00:05:01.843750,19319,0 days 00:04:56,297,0 days 00:05:01.750000,1208,0 days 00:05:01.750000,1208
dataset_orig/D1_2/ID_6/round_2/phase2,D1_2,ID_6,round_2,phase2,puzzler,11.0,1.0,2.0,A02FC2,2.0,1.0,2.0,2.0,2.0,2.0,3.0,3.0,1.0,2.0,6.0,7.0,0 days 00:05:02.093750,19335,0 days 00:05:01,302,0 days 00:05:01.750000,1208,0 days 00:05:01.750000,1208
dataset_orig/D1_2/ID_6/round_2/phase3,D1_2,ID_6,round_2,phase3,puzzler,11.0,1.0,2.0,A02FC2,1.0,1.0,1.0,1.0,2.0,2.0,2.0,1.0,1.0,1.0,1.0,,0 days 00:05:01.734375,19312,0 days 00:05:00,301,0 days 00:05:01.500000,1207,0 days 00:05:01.500000,1207
dataset_orig/D1_2/ID_6/round_3/phase1,D1_2,ID_6,round_3,phase1,puzzler,11.0,1.0,2.0,A02FC2,1.0,1.0,1.0,1.0,2.0,2.0,3.0,1.0,1.0,1.0,0.0,,0 days 00:05:02.843750,19383,0 days 00:05:02,303,0 days 00:05:02.750000,1212,0 days 00:05:02.750000,1212
dataset_orig/D1_2/ID_6/round_3/phase2,D1_2,ID_6,round_3,phase2,puzzler,11.0,1.0,2.0,A02FC2,2.0,1.0,3.0,1.0,4.0,2.0,4.0,4.0,1.0,4.0,5.0,5.0,0 days 00:05:10.296875,19860,0 days 00:05:10,311,0 days 00:05:10,1241,0 days 00:05:10,1241
dataset_orig/D1_2/ID_6/round_3/phase3,D1_2,ID_6,round_3,phase3,puzzler,11.0,1.0,2.0,A02FC2,1.0,1.0,1.0,1.0,1.0,2.0,2.0,1.0,1.0,1.0,2.0,,0 days 00:05:01.187500,19277,0 days 00:05:00,301,0 days 00:05:01,1205,0 days 00:05:01,1205
dataset_orig/D1_2/ID_6/round_4/phase1,D1_2,ID_6,round_4,phase1,puzzler,11.0,1.0,2.0,A02FC2,1.0,1.0,2.0,1.0,4.0,2.0,5.0,3.0,1.0,2.0,2.0,,0 days 00:05:01.843750,19319,0 days 00:05:01,302,0 days 00:05:01.500000,1207,0 days 00:05:01.500000,1207
dataset_orig/D1_2/ID_6/round_4/phase2,D1_2,ID_6,round_4,phase2,puzzler,11.0,1.0,2.0,A02FC2,4.0,2.0,3.0,2.0,1.0,2.0,3.0,4.0,1.0,5.0,8.0,9.0,0 days 00:05:03.875000,19449,0 days 00:05:03,304,0 days 00:05:03.750000,1216,0 days 00:05:03.750000,1216
dataset_orig/D1_2/ID_6/round_4/phase3,D1_2,ID_6,round_4,phase3,puzzler,11.0,1.0,2.0,A02FC2,2.0,2.0,1.0,1.0,3.0,2.0,4.0,1.0,1.0,2.0,4.0,,0 days 00:05:05.843750,19575,0 days 00:05:05,306,0 days 00:05:05.750000,1224,0 days 00:05:05.750000,1224
dataset_orig/D1_2/ID_2/round_1/phase1,D1_2,ID_2,round_1,phase1,parent,12.0,0.0,2.0,A02FD7,1.0,1.0,2.0,4.0,1.0,3.0,2.0,4.0,1.0,2.0,0.0,,0 days 00:05:03.562500,19429,0 days 00:05:03,304,0 days 00:05:03.500000,1215,0 days 00:05:03.500000,1215
dataset_orig/D1_2/ID_2/round_1/phase2,D1_2,ID_2,round_1,phase2,parent,12.0,0.0,2.0,A02FD7,1.0,1.0,4.0,1.0,2.0,1.0,5.0,5.0,1.0,4.0,4.0,7.0,0 days 00:05:03.734375,19440,0 days 00:05:03,304,0 days 00:05:03.500000,1215,0 days 00:05:03.500000,1215
dataset_orig/D1_2/ID_2/round_1/phase3,D1_2,ID_2,round_1,phase3,parent,12.0,0.0,2.0,A02FD7,1.0,1.0,2.0,1.0,3.0,1.0,4.0,3.0,1.0,2.0,1.0,,0 days 00:05:01.906250,19323,0 days 00:05:01,302,0 days 00:05:01.750000,1208,0 days 00:05:01.750000,1208
dataset_orig/D1_2/ID_2/round_2/phase1,D1_2,ID_2,round_2,phase1,parent,12.0,0.0,2.0,A02FD7,1.0,1.0,1.0,1.0,2.0,1.0,3.0,2.0,1.0,1.0,0.0,,0 days 00:05:06.796875,19636,0 days 00:05:06,307,0 days 00:05:06.500000,1227,0 days 00:05:06.500000,1227
dataset_orig/D1_2/ID_2/round_2/phase2,D1_2,ID_2,round_2,phase2,parent,12.0,0.0,2.0,A02FD7,2.0,1.0,3.0,1.0,2.0,1.0,3.0,5.0,1.0,2.0,6.0,8.0,0 days 00:05:05.312500,19541,0 days 00:05:05,306,0 days 00:05:05,1221,0 days 00:05:05,1221
dataset_orig/D1_2/ID_2/round_2/phase3,D1_2,ID_2,round_2,phase3,parent,12.0,0.0,2.0,A02FD7,1.0,1.0,1.0,1.0,3.0,1.0,3.0,3.0,1.0,2.0,1.0,,0 days 00:05:01.796875,19316,0 days 00:05:00,301,0 days 00:05:01.500000,1207,0 days 00:05:01.500000,1207
dataset_orig/D1_2/ID_2/round_3/phase1,D1_2,ID_2,round_3,phase1,parent,12.0,0.0,2.0,A02FD7,1.0,1.0,1.0,1.0,1.0,1.0,2.0,1.0,1.0,1.0,0.0,,0 days 00:05:04.234375,19472,0 days 00:05:03,304,0 days 00:05:04,1217,0 days 00:05:04,1217
dataset_orig/D1_2/ID_2/round_3/phase2,D1_2,ID_2,round_3,phase2,parent,12.0,0.0,2.0,A02FD7,3.0,1.0,4.0,1.0,2.0,1.0,4.0,5.0,1.0,4.0,4.0,6.0,0 days 00:05:12.843750,20023,0 days 00:05:12,313,0 days 00:05:12.750000,1252,0 days 00:05:12.750000,1252
dataset_orig/D1_2/ID_2/round_3/phase3,D1_2,ID_2,round_3,phase3,parent,12.0,0.0,2.0,A02FD7,1.0,1.0,1.0,1.0,1.0,1.0,3.0,3.0,1.0,2.0,0.0,,0 days 00:05:02.625000,19369,0 days 00:05:02,303,0 days 00:05:02.500000,1211,0 days 00:05:02.500000,1211
dataset_orig/D1_2/ID_2/round_4/phase1,D1_2,ID_2,round_4,phase1,parent,12.0,0.0,2.0,A02FD7,1.0,1.0,2.0,1.0,3.0,1.0,4.0,4.0,1.0,2.0,0.0,,0 days 00:05:02.375000,19353,0 days 00:05:01,302,0 days 00:05:02.250000,1210,0 days 00:05:02.250000,1210
dataset_orig/D1_2/ID_2/round_4/phase2,D1_2,ID_2,round_4,phase2,parent,12.0,0.0,2.0,A02FD7,3.0,2.0,3.0,1.0,2.0,1.0,3.0,5.0,1.0,3.0,8.0,8.0,0 days 00:05:03.484375,19424,0 days 00:05:02,303,0 days 00:05:03.250000,1214,0 days 00:05:03.250000,1214
dataset_orig/D1_2/ID_2/round_4/phase3,D1_2,ID_2,round_4,phase3,parent,12.0,0.0,2.0,A02FD7,1.0,1.0,2.0,1.0,2.0,1.0,1.0,3.0,1.0,1.0,4.0,,0 days 00:05:05.437500,19549,0 days 00:05:05,306,0 days 00:05:05.250000,1222,0 days 00:05:05.250000,1222
dataset_orig/D1_2/ID_1/round_1/phase1,D1_2,ID_1,round_1,phase1,parent,10.0,0.0,1.0,A03469,1.0,1.0,2.0,1.0,2.0,1.0,2.0,3.0,1.0,3.0,0.0,,0 days 00:05:02.984375,19392,0 days 00:05:02,303,0 days 00:05:02.750000,1212,0 days 00:05:02.750000,1212
dataset_orig/D1_2/ID_1/round_1/phase2,D1_2,ID_1,round_1,phase2,parent,10.0,0.0,1.0,A03469,1.0,1.0,4.0,1.0,3.0,1.0,4.0,3.0,1.0,4.0,1.0,4.0,0 days 00:06:32.671875,25132,0 days 00:06:32,393,0 days 00:06:32.500000,1571,0 days 00:06:32.500000,1571
dataset_orig/D1_2/ID_1/round_1/phase3,D1_2,ID_1,round_1,phase3,parent,10.0,0.0,1.0,A03469,1.0,1.0,3.0,1.0,3.0,1.0,1.0,3.0,1.0,2.0,0.0,,0 days 00:04:58.875000,19129,0 days 00:04:58,299,0 days 00:04:58.750000,1196,0 days 00:04:58.750000,1196
dataset_orig/D1_2/ID_1/round_2/phase1,D1_2,ID_1,round_2,phase1,parent,10.0,0.0,1.0,A03469,1.0,1.0,2.0,1.0,2.0,1.0,3.0,2.0,1.0,2.0,1.0,,0 days 00:04:57.125000,19017,0 days 00:04:56,297,0 days 00:04:56.750000,1188,0 days 00:04:56.750000,1188
dataset_orig/D1_2/ID_1/round_2/phase2,D1_2,ID_1,round_2,phase2,parent,10.0,0.0,1.0,A03469,2.0,1.0,2.0,1.0,2.0,1.0,3.0,3.0,1.0,1.0,2.0,6.0,0 days 00:05:02.828125,19382,0 days 00:05:02,303,0 days 00:05:02.500000,1211,0 days 00:05:02.500000,1211
dataset_orig/D1_2/ID_1/round_2/phase3,D1_2,ID_1,round_2,phase3,parent,10.0,0.0,1.0,A03469,1.0,1.0,2.0,1.0,2.0,1.0,2.0,3.0,1.0,2.0,0.0,,0 days 00:05:01.796875,19316,0 days 00:05:01,302,0 days 00:05:01.500000,1207,0 days 00:05:01.500000,1207
dataset_orig/D1_2/ID_1/round_3/phase1,D1_2,ID_1,round_3,phase1,parent,10.0,0.0,1.0,A03469,1.0,1.0,3.0,1.0,2.0,1.0,3.0,3.0,1.0,3.0,0.0,,0 days 00:05:03.046875,19396,0 days 00:05:02,303,0 days 00:05:03,1213,0 days 00:05:03,1213
dataset_orig/D1_2/ID_1/round_3/phase2,D1_2,ID_1,round_3,phase2,parent,10.0,0.0,1.0,A03469,1.0,1.0,4.0,1.0,3.0,1.0,4.0,4.0,1.0,4.0,1.0,5.0,0 days 00:05:11.343750,19927,0 days 00:05:10,311,0 days 00:05:11.250000,1246,0 days 00:05:11.250000,1246
dataset_orig/D1_2/ID_1/round_3/phase3,D1_2,ID_1,round_3,phase3,parent,10.0,0.0,1.0,A03469,1.0,1.0,4.0,1.0,3.0,1.0,4.0,3.0,1.0,3.0,0.0,,0 days 00:05:06.562500,19621,0 days 00:05:06,307,0 days 00:05:06.250000,1226,0 days 00:05:06.250000,1226
dataset_orig/D1_2/ID_1/round_4/phase1,D1_2,ID_1,round_4,phase1,parent,10.0,0.0,1.0,A03469,1.0,1.0,3.0,1.0,3.0,1.0,4.0,4.0,1.0,3.0,0.0,,0 days 00:05:00.796875,19252,0 days 00:05:00,301,0 days 00:05:00.500000,1203,0 days 00:05:00.500000,1203
dataset_orig/D1_2/ID_1/round_4/phase2,D1_2,ID_1,round_4,phase2,parent,10.0,0.0,1.0,A03469,2.0,1.0,4.0,1.0,4.0,1.0,4.0,4.0,1.0,4.0,5.0,7.0,0 days 00:05:04.984375,19520,0 days 00:05:04,305,0 days 00:05:04.750000,1220,0 days 00:05:04.750000,1220
dataset_orig/D1_2/ID_1/round_4/phase3,D1_2,ID_1,round_4,phase3,parent,10.0,0.0,1.0,A03469,1.0,1.0,3.0,1.0,3.0,1.0,3.0,3.0,1.0,3.0,0.0,,0 days 00:05:02.875000,19385,0 days 00:05:02,303,0 days 00:05:02.750000,1212,0 days 00:05:02.750000,1212
dataset_orig/D1_3/D1_3_1/ID_3/round_1/phase1,D1_3/D1_3_1,ID_3,round_1,phase1,parent,16.0,0.0,8.0,A03857,1.0,1.0,1.0,1.0,1.0,2.0,2.0,4.0,3.0,2.0,0.0,,0 days 00:05:08.875000,19769,0 days 00:05:08,309,0 days 00:05:08.750000,1236,0 days 00:05:08.750000,1236
dataset_orig/D1_3/D1_3_1/ID_3/round_1/phase2,D1_3/D1_3_1,ID_3,round_1,phase2,parent,16.0,0.0,8.0,A03857,1.0,1.0,1.0,2.0,3.0,2.0,3.0,5.0,1.0,4.0,6.0,7.0,0 days 00:05:07.812500,19701,0 days 00:05:07,308,0 days 00:05:07.750000,1232,0 days 00:05:07.750000,1232
dataset_orig/D1_3/D1_3_1/ID_3/round_1/phase3,D1_3/D1_3_1,ID_3,round_1,phase3,parent,16.0,0.0,8.0,A03857,1.0,1.0,1.0,1.0,3.0,1.0,2.0,3.0,1.0,3.0,4.0,,0 days 00:05:02.875000,19385,0 days 00:05:02,303,0 days 00:05:02.750000,1212,0 days 00:05:02.750000,1212
dataset_orig/D1_3/D1_3_1/ID_3/round_2/phase1,D1_3/D1_3_1,ID_3,round_2,phase1,parent,16.0,0.0,8.0,A03857,1.0,1.0,1.0,1.0,2.0,1.0,3.0,4.0,1.0,2.0,3.0,,0 days 00:04:58.953125,19134,0 days 00:04:58,299,0 days 00:04:58.750000,1196,0 days 00:04:58.750000,1196
dataset_orig/D1_3/D1_3_1/ID_3/round_2/phase2,D1_3/D1_3_1,ID_3,round_2,phase2,parent,16.0,0.0,8.0,A03857,1.0,1.0,2.0,1.0,4.0,1.0,5.0,5.0,1.0,4.0,0.0,5.0,0 days 00:05:06.875000,19641,0 days 00:05:06,307,0 days 00:05:06.750000,1228,0 days 00:05:06.750000,1228
dataset_orig/D1_3/D1_3_1/ID_3/round_2/phase3,D1_3/D1_3_1,ID_3,round_2,phase3,parent,16.0,0.0,8.0,A03857,1.0,1.0,1.0,1.0,2.0,1.0,3.0,4.0,1.0,3.0,0.0,,0 days 00:05:08.265625,19730,0 days 00:05:07,308,0 days 00:05:08,1233,0 days 00:05:08,1233
dataset_orig/D1_3/D1_3_1/ID_3/round_3/phase1,D1_3/D1_3_1,ID_3,round_3,phase1,parent,16.0,0.0,8.0,A03857,1.0,1.0,1.0,1.0,2.0,1.0,3.0,4.0,1.0,3.0,0.0,,0 days 00:04:56.906250,19003,0 days 00:04:56,297,0 days 00:04:56.500000,1187,0 days 00:04:56.500000,1187
dataset_orig/D1_3/D1_3_1/ID_3/round_3/phase2,D1_3/D1_3_1,ID_3,round_3,phase2,parent,16.0,0.0,8.0,A03857,1.0,1.0,1.0,1.0,3.0,1.0,5.0,4.0,1.0,5.0,0.0,5.0,0 days 00:05:10.046875,19844,0 days 00:05:09,310,0 days 00:05:09.750000,1240,0 days 00:05:09.750000,1240
dataset_orig/D1_3/D1_3_1/ID_3/round_3/phase3,D1_3/D1_3_1,ID_3,round_3,phase3,parent,16.0,0.0,8.0,A03857,1.0,1.0,1.0,1.0,2.0,1.0,3.0,4.0,1.0,3.0,0.0,,0 days 00:05:04.421875,19484,0 days 00:05:03,304,0 days 00:05:04.250000,1218,0 days 00:05:04.250000,1218
dataset_orig/D1_3/D1_3_1/ID_3/round_4/phase1,D1_3/D1_3_1,ID_3,round_4,phase1,parent,16.0,0.0,8.0,A03857,1.0,1.0,1.0,1.0,2.0,1.0,3.0,3.0,1.0,3.0,0.0,,0 days 00:04:23.828125,16886,0 days 00:04:14,255,0 days 00:04:23.750000,1056,0 days 00:04:23.750000,1056
dataset_orig/D1_3/D1_3_1/ID_3/round_4/phase2,D1_3/D1_3_1,ID_3,round_4,phase2,parent,16.0,0.0,8.0,A03857,1.0,1.0,1.0,1.0,4.0,1.0,4.0,5.0,1.0,5.0,2.0,6.0,0 days 00:05:19.312500,20437,0 days 00:05:18,319,0 days 00:05:19,1277,0 days 00:05:19,1277
dataset_orig/D1_3/D1_3_1/ID_3/round_4/phase3,D1_3/D1_3_1,ID_3,round_4,phase3,parent,16.0,0.0,8.0,A03857,1.0,1.0,1.0,1.0,2.0,1.0,2.0,3.0,1.0,2.0,2.0,,0 days 00:04:02.718750,15535,0 days 00:04:02,243,0 days 00:04:02.500000,971,0 days 00:04:02.500000,971
dataset_orig/D1_3/D1_3_1/ID_4/round_1/phase1,D1_3/D1_3_1,ID_4,round_1,phase1,parent,18.0,0.0,9.0,A0306B,1.0,1.0,3.0,1.0,2.0,2.0,2.0,2.0,1.0,1.0,1.0,,0 days 00:05:06.734375,19632,0 days 00:05:06,307,0 days 00:05:06.500000,1227,0 days 00:05:06.500000,1227
dataset_orig/D1_3/D1_3_1/ID_4/round_1/phase2,D1_3/D1_3_1,ID_4,round_1,phase2,parent,18.0,0.0,9.0,A0306B,2.0,1.0,3.0,2.0,2.0,2.0,3.0,3.0,1.0,3.0,2.0,6.0,0 days 00:05:06.546875,19620,0 days 00:05:06,307,0 days 00:05:06.250000,1226,0 days 00:05:06.250000,1226
dataset_orig/D1_3/D1_3_1/ID_4/round_1/phase3,D1_3/D1_3_1,ID_4,round_1,phase3,parent,18.0,0.0,9.0,A0306B,1.0,1.0,2.0,1.0,2.0,1.0,3.0,3.0,1.0,3.0,2.0,,0 days 00:05:03.734375,19440,0 days 00:05:03,304,0 days 00:05:03.500000,1215,0 days 00:05:03.500000,1215
dataset_orig/D1_3/D1_3_1/ID_4/round_2/phase1,D1_3/D1_3_1,ID_4,round_2,phase1,parent,18.0,0.0,9.0,A0306B,1.0,1.0,2.0,1.0,2.0,1.0,2.0,2.0,1.0,2.0,1.0,,0 days 00:04:58.828125,19126,0 days 00:04:57,298,0 days 00:04:58.500000,1195,0 days 00:04:58.500000,1195
dataset_orig/D1_3/D1_3_1/ID_4/round_2/phase2,D1_3/D1_3_1,ID_4,round_2,phase2,parent,18.0,0.0,9.0,A0306B,2.0,1.0,4.0,2.0,2.0,2.0,3.0,4.0,1.0,4.0,7.0,5.0,0 days 00:05:02.953125,19390,0 days 00:05:02,303,0 days 00:05:02.750000,1212,0 days 00:05:02.750000,1212
dataset_orig/D1_3/D1_3_1/ID_4/round_2/phase3,D1_3/D1_3_1,ID_4,round_2,phase3,parent,18.0,0.0,9.0,A0306B,1.0,1.0,3.0,1.0,3.0,1.0,4.0,3.0,1.0,4.0,2.0,,0 days 00:05:07.765625,19698,0 days 00:05:07,308,0 days 00:05:07.500000,1231,0 days 00:05:07.500000,1231
dataset_orig/D1_3/D1_3_1/ID_4/round_3/phase1,D1_3/D1_3_1,ID_4,round_3,phase1,parent,18.0,0.0,9.0,A0306B,1.0,1.0,3.0,1.0,3.0,1.0,4.0,3.0,1.0,4.0,2.0,,0 days 00:04:59.687500,19181,0 days 00:04:59,300,0 days 00:04:59.500000,1199,0 days 00:04:59.500000,1199
dataset_orig/D1_3/D1_3_1/ID_4/round_3/phase2,D1_3/D1_3_1,ID_4,round_3,phase2,parent,18.0,0.0,9.0,A0306B,1.0,1.0,4.0,1.0,4.0,1.0,5.0,4.0,1.0,4.0,3.0,6.0,0 days 00:05:09.593750,19815,0 days 00:05:09,310,0 days 00:05:09.500000,1239,0 days 00:05:09.500000,1239
dataset_orig/D1_3/D1_3_1/ID_4/round_3/phase3,D1_3/D1_3_1,ID_4,round_3,phase3,parent,18.0,0.0,9.0,A0306B,1.0,1.0,3.0,1.0,2.0,1.0,4.0,3.0,1.0,3.0,1.0,,0 days 00:05:03.312500,19413,0 days 00:05:02,303,0 days 00:05:03,1213,0 days 00:05:03,1213
dataset_orig/D1_3/D1_3_1/ID_4/round_4/phase1,D1_3/D1_3_1,ID_4,round_4,phase1,parent,18.0,0.0,9.0,A0306B,1.0,1.0,3.0,1.0,2.0,1.0,3.0,3.0,1.0,3.0,0.0,,0 days 00:04:20.187500,16653,0 days 00:04:10,251,0 days 00:04:20,1041,0 days 00:04:20,1041
dataset_orig/D1_3/D1_3_1/ID_4/round_4/phase2,D1_3/D1_3_1,ID_4,round_4,phase2,parent,18.0,0.0,9.0,A0306B,1.0,1.0,4.0,1.0,4.0,1.0,5.0,4.0,1.0,4.0,3.0,4.0,0 days 00:05:20.843750,20535,0 days 00:05:20,321,0 days 00:05:20.500000,1283,0 days 00:05:20.500000,1283
dataset_orig/D1_3/D1_3_1/ID_4/round_4/phase3,D1_3/D1_3_1,ID_4,round_4,phase3,parent,18.0,0.0,9.0,A0306B,1.0,1.0,3.0,1.0,3.0,1.0,3.0,4.0,1.0,3.0,0.0,,0 days 00:04:02.687500,15533,0 days 00:04:02,243,0 days 00:04:02.500000,971,0 days 00:04:02.500000,971
dataset_orig/D1_3/D1_3_1/ID_2/round_1/phase1,D1_3/D1_3_1,ID_2,round_1,phase1,puzzler,17.0,1.0,9.0,A03701,1.0,1.0,4.0,1.0,2.0,2.0,4.0,5.0,1.0,3.0,1.0,,0 days 00:05:06.656250,19627,0 days 00:05:06,307,0 days 00:05:06.250000,1226,0 days 00:05:06.250000,1226
dataset_orig/D1_3/D1_3_1/ID_2/round_1/phase2,D1_3/D1_3_1,ID_2,round_1,phase2,puzzler,17.0,1.0,9.0,A03701,1.0,1.0,4.0,1.0,3.0,2.0,3.0,5.0,1.0,3.0,3.0,7.0,0 days 00:05:05.656250,19563,0 days 00:05:05,306,0 days 00:05:05.500000,1223,0 days 00:05:05.500000,1223
dataset_orig/D1_3/D1_3_1/ID_2/round_1/phase3,D1_3/D1_3_1,ID_2,round_1,phase3,puzzler,17.0,1.0,9.0,A03701,1.0,1.0,3.0,1.0,2.0,2.0,5.0,5.0,1.0,3.0,2.0,,0 days 00:05:03.046875,19396,0 days 00:05:02,303,0 days 00:05:02.750000,1212,0 days 00:05:02.750000,1212
dataset_orig/D1_3/D1_3_1/ID_2/round_2/phase1,D1_3/D1_3_1,ID_2,round_2,phase1,puzzler,17.0,1.0,9.0,A03701,1.0,1.0,4.0,1.0,3.0,1.0,4.0,5.0,1.0,3.0,1.0,,0 days 00:04:57.875000,19065,0 days 00:04:57,298,0 days 00:04:57.750000,1192,0 days 00:04:57.750000,1192
dataset_orig/D1_3/D1_3_1/ID_2/round_2/phase2,D1_3/D1_3_1,ID_2,round_2,phase2,puzzler,17.0,1.0,9.0,A03701,1.0,1.0,4.0,1.0,3.0,2.0,5.0,5.0,1.0,4.0,4.0,6.0,0 days 00:05:08.546875,19748,0 days 00:05:08,309,0 days 00:05:08.250000,1234,0 days 00:05:08.250000,1234
dataset_orig/D1_3/D1_3_1/ID_2/round_2/phase3,D1_3/D1_3_1,ID_2,round_2,phase3,puzzler,17.0,1.0,9.0,A03701,1.0,1.0,3.0,1.0,3.0,1.0,4.0,4.0,1.0,3.0,2.0,,0 days 00:05:08.015625,19714,0 days 00:05:07,308,0 days 00:05:07.750000,1232,0 days 00:05:07.750000,1232
dataset_orig/D1_3/D1_3_1/ID_2/round_3/phase1,D1_3/D1_3_1,ID_2,round_3,phase1,puzzler,17.0,1.0,9.0,A03701,1.0,1.0,3.0,1.0,3.0,1.0,4.0,4.0,1.0,3.0,2.0,,0 days 00:04:59.734375,19184,0 days 00:04:58,299,0 days 00:04:59.500000,1199,0 days 00:04:59.500000,1199
dataset_orig/D1_3/D1_3_1/ID_2/round_3/phase2,D1_3/D1_3_1,ID_2,round_3,phase2,puzzler,17.0,1.0,9.0,A03701,1.0,1.0,4.0,1.0,4.0,2.0,5.0,5.0,1.0,3.0,4.0,5.0,0 days 00:05:09.734375,19824,0 days 00:05:09,310,0 days 00:05:09.500000,1239,0 days 00:05:09.500000,1239
dataset_orig/D1_3/D1_3_1/ID_2/round_3/phase3,D1_3/D1_3_1,ID_2,round_3,phase3,puzzler,17.0,1.0,9.0,A03701,1.0,1.0,3.0,1.0,3.0,2.0,4.0,4.0,1.0,3.0,3.0,,0 days 00:05:02.125000,19337,0 days 00:05:01,302,0 days 00:05:01.750000,1208,0 days 00:05:01.750000,1208
dataset_orig/D1_3/D1_3_1/ID_2/round_4/phase1,D1_3/D1_3_1,ID_2,round_4,phase1,puzzler,17.0,1.0,9.0,A03701,1.0,1.0,3.0,1.0,4.0,2.0,4.0,5.0,1.0,3.0,2.0,,0 days 00:04:22.656250,16811,0 days 00:04:13,254,0 days 00:04:22.500000,1051,0 days 00:04:22.500000,1051
dataset_orig/D1_3/D1_3_1/ID_2/round_4/phase2,D1_3/D1_3_1,ID_2,round_4,phase2,puzzler,17.0,1.0,9.0,A03701,2.0,1.0,5.0,1.0,4.0,3.0,5.0,5.0,1.0,4.0,6.0,4.0,0 days 00:05:21.046875,20548,0 days 00:05:20,321,0 days 00:05:20.750000,1284,0 days 00:05:20.750000,1284
dataset_orig/D1_3/D1_3_1/ID_2/round_4/phase3,D1_3/D1_3_1,ID_2,round_4,phase3,puzzler,17.0,1.0,9.0,A03701,1.0,1.0,3.0,1.0,2.0,1.0,3.0,3.0,1.0,3.0,2.0,,0 days 00:04:04.343750,15639,0 days 00:04:03,244,0 days 00:04:04.250000,978,0 days 00:04:04.250000,978
dataset_orig/D1_3/D1_3_1/ID_1/round_1/phase1,D1_3/D1_3_1,ID_1,round_1,phase1,puzzler,15.0,1.0,8.0,A03469,2.0,1.0,3.0,1.0,1.0,1.0,4.0,3.0,1.0,2.0,0.0,,0 days 00:05:08.015625,19714,0 days 00:05:07,308,0 days 00:05:07.750000,1232,0 days 00:05:07.750000,1232
dataset_orig/D1_3/D1_3_1/ID_1/round_1/phase2,D1_3/D1_3_1,ID_1,round_1,phase2,puzzler,15.0,1.0,8.0,A03469,2.0,1.0,3.0,2.0,1.0,2.0,4.0,3.0,1.0,2.0,5.0,8.0,0 days 00:05:05.656250,19563,0 days 00:05:05,306,0 days 00:05:05.500000,1223,0 days 00:05:05.500000,1223
dataset_orig/D1_3/D1_3_1/ID_1/round_1/phase3,D1_3/D1_3_1,ID_1,round_1,phase3,puzzler,15.0,1.0,8.0,A03469,3.0,1.0,3.0,3.0,1.0,3.0,3.0,2.0,1.0,2.0,4.0,,0 days 00:05:02.156250,19339,0 days 00:05:01,302,0 days 00:05:01.750000,1208,0 days 00:05:01.750000,1208
dataset_orig/D1_3/D1_3_1/ID_1/round_2/phase1,D1_3/D1_3_1,ID_1,round_2,phase1,puzzler,15.0,1.0,8.0,A03469,1.0,1.0,3.0,1.0,1.0,2.0,4.0,3.0,1.0,2.0,1.0,,0 days 00:04:59.546875,19172,0 days 00:04:59,300,0 days 00:04:59.250000,1198,0 days 00:04:59.250000,1198
dataset_orig/D1_3/D1_3_1/ID_1/round_2/phase2,D1_3/D1_3_1,ID_1,round_2,phase2,puzzler,15.0,1.0,8.0,A03469,1.0,1.0,3.0,1.0,3.0,1.0,3.0,3.0,1.0,3.0,0.0,3.0,0 days 00:05:05.671875,19564,0 days 00:05:05,306,0 days 00:05:05.500000,1223,0 days 00:05:05.500000,1223
dataset_orig/D1_3/D1_3_1/ID_1/round_2/phase3,D1_3/D1_3_1,ID_1,round_2,phase3,puzzler,15.0,1.0,8.0,A03469,1.0,1.0,2.0,1.0,1.0,1.0,2.0,2.0,1.0,1.0,1.0,,0 days 00:05:06.796875,19636,0 days 00:05:06,307,0 days 00:05:06.500000,1227,0 days 00:05:06.500000,1227
dataset_orig/D1_3/D1_3_1/ID_1/round_3/phase1,D1_3/D1_3_1,ID_1,round_3,phase1,puzzler,15.0,1.0,8.0,A03469,1.0,1.0,2.0,1.0,1.0,1.0,2.0,2.0,1.0,1.0,1.0,,0 days 00:05:00.109375,19208,0 days 00:04:59,300,0 days 00:05:00,1201,0 days 00:05:00,1201
dataset_orig/D1_3/D1_3_1/ID_1/round_3/phase2,D1_3/D1_3_1,ID_1,round_3,phase2,puzzler,15.0,1.0,8.0,A03469,1.0,1.0,3.0,1.0,3.0,2.0,4.0,2.0,1.0,3.0,0.0,2.0,0 days 00:05:08.843750,19767,0 days 00:05:07,308,0 days 00:05:08.500000,1235,0 days 00:05:08.500000,1235
dataset_orig/D1_3/D1_3_1/ID_1/round_3/phase3,D1_3/D1_3_1,ID_1,round_3,phase3,puzzler,15.0,1.0,8.0,A03469,2.0,1.0,2.0,1.0,1.0,1.0,4.0,2.0,1.0,3.0,3.0,,0 days 00:05:04.421875,19484,0 days 00:05:04,305,0 days 00:05:04.250000,1218,0 days 00:05:04.250000,1218
dataset_orig/D1_3/D1_3_1/ID_1/round_4/phase1,D1_3/D1_3_1,ID_1,round_4,phase1,puzzler,15.0,1.0,8.0,A03469,1.0,1.0,2.0,1.0,1.0,2.0,2.0,2.0,1.0,2.0,3.0,,0 days 00:04:23.500000,16865,0 days 00:04:13,254,0 days 00:04:23.500000,1055,0 days 00:04:23.500000,1055
dataset_orig/D1_3/D1_3_1/ID_1/round_4/phase2,D1_3/D1_3_1,ID_1,round_4,phase2,puzzler,15.0,1.0,8.0,A03469,3.0,1.0,3.0,2.0,1.0,1.0,2.0,2.0,1.0,2.0,5.0,4.0,0 days 00:05:21.843750,20599,0 days 00:05:21,322,0 days 00:05:21.500000,1287,0 days 00:05:21.500000,1287
dataset_orig/D1_3/D1_3_1/ID_1/round_4/phase3,D1_3/D1_3_1,ID_1,round_4,phase3,puzzler,15.0,1.0,8.0,A03469,1.0,1.0,1.0,1.0,1.0,1.0,1.0,2.0,1.0,2.0,2.0,,0 days 00:04:01.875000,15481,0 days 00:04:01,242,0 days 00:04:01.750000,968,0 days 00:04:01.750000,968
dataset_orig/D1_3/D1_3_2/ID_3/round_1/phase1,D1_3/D1_3_2,ID_3,round_1,phase1,parent,20.0,1.0,10.0,A03857,1.0,1.0,3.0,1.0,1.0,1.0,1.0,3.0,1.0,2.0,0.0,,0 days 00:05:04.031250,19459,0 days 00:05:03,304,0 days 00:05:03.750000,1216,0 days 00:05:03.750000,1216
dataset_orig/D1_3/D1_3_2/ID_3/round_1/phase2,D1_3/D1_3_2,ID_3,round_1,phase2,parent,20.0,1.0,10.0,A03857,1.0,1.0,4.0,1.0,1.0,1.0,4.0,4.0,1.0,4.0,0.0,8.0,0 days 00:05:18.453125,20382,0 days 00:05:18,319,0 days 00:05:18.250000,1274,0 days 00:05:18.250000,1274
dataset_orig/D1_3/D1_3_2/ID_3/round_1/phase3,D1_3/D1_3_2,ID_3,round_1,phase3,parent,20.0,1.0,10.0,A03857,1.0,1.0,1.0,1.0,4.0,1.0,5.0,1.0,1.0,4.0,0.0,,0 days 00:05:07.093750,19655,0 days 00:05:06,307,0 days 00:05:07,1229,0 days 00:05:07,1229
dataset_orig/D1_3/D1_3_2/ID_3/round_2/phase1,D1_3/D1_3_2,ID_3,round_2,phase1,parent,20.0,1.0,10.0,A03857,1.0,1.0,1.0,1.0,5.0,1.0,5.0,1.0,1.0,5.0,0.0,,0 days 00:05:04.234375,19472,0 days 00:05:04,305,0 days 00:05:04,1217,0 days 00:05:04,1217
dataset_orig/D1_3/D1_3_2/ID_3/round_2/phase2,D1_3/D1_3_2,ID_3,round_2,phase2,parent,20.0,1.0,10.0,A03857,1.0,1.0,1.0,1.0,4.0,1.0,4.0,1.0,1.0,3.0,1.0,5.0,0 days 00:05:19.125000,20425,0 days 00:05:18,319,0 days 00:05:19,1277,0 days 00:05:19,1277
dataset_orig/D1_3/D1_3_2/ID_3/round_2/phase3,D1_3/D1_3_2,ID_3,round_2,phase3,parent,20.0,1.0,10.0,A03857,1.0,1.0,1.0,1.0,1.0,1.0,3.0,3.0,1.0,2.0,0.0,,0 days 00:05:04.234375,19472,0 days 00:05:03,304,0 days 00:05:04,1217,0 days 00:05:04,1217
dataset_orig/D1_3/D1_3_2/ID_3/round_3/phase1,D1_3/D1_3_2,ID_3,round_3,phase1,parent,20.0,1.0,10.0,A03857,1.0,1.0,1.0,1.0,1.0,1.0,3.0,3.0,1.0,1.0,0.0,,0 days 00:04:20.140625,16650,0 days 00:04:19,260,0 days 00:04:20,1041,0 days 00:04:20,1041
dataset_orig/D1_3/D1_3_2/ID_3/round_3/phase2,D1_3/D1_3_2,ID_3,round_3,phase2,parent,20.0,1.0,10.0,A03857,1.0,1.0,1.0,1.0,3.0,1.0,5.0,4.0,1.0,3.0,0.0,7.0,0 days 00:05:12.718750,20015,0 days 00:05:12,313,0 days 00:05:12.500000,1251,0 days 00:05:12.500000,1251
dataset_orig/D1_3/D1_3_2/ID_3/round_3/phase3,D1_3/D1_3_2,ID_3,round_3,phase3,parent,20.0,1.0,10.0,A03857,1.0,1.0,1.0,1.0,4.0,1.0,4.0,4.0,1.0,3.0,0.0,,0 days 00:04:56.156250,18955,0 days 00:04:55,296,0 days 00:04:56,1185,0 days 00:04:56,1185
dataset_orig/D1_3/D1_3_2/ID_3/round_4/phase1,D1_3/D1_3_2,ID_3,round_4,phase1,parent,20.0,1.0,10.0,A03857,1.0,1.0,1.0,1.0,3.0,1.0,3.0,1.0,1.0,2.0,0.0,,0 days 00:05:04.437500,19485,0 days 00:05:03,304,0 days 00:05:04.250000,1218,0 days 00:05:04.250000,1218
dataset_orig/D1_3/D1_3_2/ID_3/round_4/phase2,D1_3/D1_3_2,ID_3,round_4,phase2,parent,20.0,1.0,10.0,A03857,1.0,1.0,1.0,1.0,4.0,1.0,5.0,3.0,1.0,5.0,7.0,0.0,0 days 00:05:14.703125,20142,0 days 00:05:13,314,0 days 00:05:14.500000,1259,0 days 00:05:14.500000,1259
dataset_orig/D1_3/D1_3_2/ID_3/round_4/phase3,D1_3/D1_3_2,ID_3,round_4,phase3,parent,20.0,1.0,10.0,A03857,1.0,1.0,1.0,1.0,1.0,1.0,1.0,1.0,1.0,1.0,0.0,,0 days 00:05:09.875000,19833,0 days 00:05:08,309,0 days 00:05:09.500000,1239,0 days 00:05:09.500000,1239
dataset_orig/D1_3/D1_3_2/ID_4/round_1/phase1,D1_3/D1_3_2,ID_4,round_1,phase1,puzzler,22.0,0.0,11.0,A0306B,1.0,1.0,3.0,1.0,4.0,1.0,5.0,4.0,1.0,4.0,0.0,,0 days 00:05:04.343750,19479,0 days 00:05:03,304,0 days 00:05:04.250000,1218,0 days 00:05:04.250000,1218
dataset_orig/D1_3/D1_3_2/ID_4/round_1/phase2,D1_3/D1_3_2,ID_4,round_1,phase2,puzzler,22.0,0.0,11.0,A0306B,1.0,1.0,4.0,2.0,4.0,1.0,5.0,4.0,1.0,4.0,0.0,6.0,0 days 00:05:18.093750,20359,0 days 00:05:17,318,0 days 00:05:17.750000,1272,0 days 00:05:17.750000,1272
dataset_orig/D1_3/D1_3_2/ID_4/round_1/phase3,D1_3/D1_3_2,ID_4,round_1,phase3,puzzler,22.0,0.0,11.0,A0306B,1.0,1.0,3.0,1.0,4.0,1.0,4.0,4.0,1.0,4.0,0.0,,0 days 00:05:04.953125,19518,0 days 00:05:04,305,0 days 00:05:04.750000,1220,0 days 00:05:04.750000,1220
dataset_orig/D1_3/D1_3_2/ID_4/round_2/phase1,D1_3/D1_3_2,ID_4,round_2,phase1,puzzler,22.0,0.0,11.0,A0306B,1.0,1.0,3.0,1.0,4.0,1.0,5.0,4.0,1.0,4.0,0.0,,0 days 00:05:03.734375,19440,0 days 00:05:03,304,0 days 00:05:03.500000,1215,0 days 00:05:03.500000,1215
dataset_orig/D1_3/D1_3_2/ID_4/round_2/phase2,D1_3/D1_3_2,ID_4,round_2,phase2,puzzler,22.0,0.0,11.0,A0306B,1.0,1.0,4.0,1.0,5.0,1.0,5.0,5.0,1.0,5.0,0.0,5.0,0 days 00:05:20.671875,20524,0 days 00:05:20,321,0 days 00:05:20.500000,1283,0 days 00:05:20.500000,1283
dataset_orig/D1_3/D1_3_2/ID_4/round_2/phase3,D1_3/D1_3_2,ID_4,round_2,phase3,puzzler,22.0,0.0,11.0,A0306B,1.0,1.0,3.0,1.0,4.0,1.0,4.0,3.0,1.0,3.0,0.0,,0 days 00:05:02.906250,19387,0 days 00:05:02,303,0 days 00:05:02.500000,1211,0 days 00:05:02.500000,1211
dataset_orig/D1_3/D1_3_2/ID_4/round_3/phase1,D1_3/D1_3_2,ID_4,round_3,phase1,puzzler,22.0,0.0,11.0,A0306B,1.0,1.0,4.0,1.0,4.0,1.0,4.0,4.0,1.0,4.0,0.0,,0 days 00:04:19.875000,16633,0 days 00:04:19,260,0 days 00:04:19.750000,1040,0 days 00:04:19.750000,1040
dataset_orig/D1_3/D1_3_2/ID_4/round_3/phase2,D1_3/D1_3_2,ID_4,round_3,phase2,puzzler,22.0,0.0,11.0,A0306B,2.0,1.0,4.0,1.0,5.0,1.0,5.0,5.0,1.0,5.0,2.0,7.0,0 days 00:05:14.984375,20160,0 days 00:05:14,315,0 days 00:05:14.750000,1260,0 days 00:05:14.750000,1260
dataset_orig/D1_3/D1_3_2/ID_4/round_3/phase3,D1_3/D1_3_2,ID_4,round_3,phase3,puzzler,22.0,0.0,11.0,A0306B,2.0,1.0,4.0,1.0,4.0,1.0,4.0,3.0,1.0,3.0,1.0,,0 days 00:04:53.546875,18788,0 days 00:04:52,293,0 days 00:04:53.250000,1174,0 days 00:04:53.250000,1174
dataset_orig/D1_3/D1_3_2/ID_4/round_4/phase1,D1_3/D1_3_2,ID_4,round_4,phase1,puzzler,22.0,0.0,11.0,A0306B,1.0,1.0,3.0,1.0,4.0,1.0,4.0,4.0,1.0,4.0,0.0,,0 days 00:05:05.375000,19545,0 days 00:05:04,305,0 days 00:05:05.250000,1222,0 days 00:05:05.250000,1222
dataset_orig/D1_3/D1_3_2/ID_4/round_4/phase2,D1_3/D1_3_2,ID_4,round_4,phase2,puzzler,22.0,0.0,11.0,A0306B,1.0,1.0,4.0,1.0,5.0,1.0,5.0,5.0,1.0,5.0,0.0,5.0,0 days 00:05:08.953125,19774,0 days 00:05:08,309,0 days 00:05:08.750000,1236,0 days 00:05:08.750000,1236
dataset_orig/D1_3/D1_3_2/ID_4/round_4/phase3,D1_3/D1_3_2,ID_4,round_4,phase3,puzzler,22.0,0.0,11.0,A0306B,1.0,1.0,3.0,1.0,3.0,1.0,3.0,4.0,1.0,3.0,0.0,,0 days 00:05:09.328125,19798,0 days 00:05:08,309,0 days 00:05:09.250000,1238,0 days 00:05:09.250000,1238
dataset_orig/D1_3/D1_3_2/ID_2/round_1/phase1,D1_3/D1_3_2,ID_2,round_1,phase1,parent,21.0,1.0,11.0,A03701,1.0,1.0,4.0,1.0,3.0,2.0,4.0,3.0,1.0,4.0,0.0,,0 days 00:05:04.062500,19461,0 days 00:05:03,304,0 days 00:05:03.750000,1216,0 days 00:05:03.750000,1216
dataset_orig/D1_3/D1_3_2/ID_2/round_1/phase2,D1_3/D1_3_2,ID_2,round_1,phase2,parent,21.0,1.0,11.0,A03701,1.0,1.0,4.0,1.0,3.0,2.0,3.0,3.0,1.0,5.0,0.0,4.0,0 days 00:05:18.375000,20377,0 days 00:05:18,319,0 days 00:05:18.250000,1274,0 days 00:05:18.250000,1274
dataset_orig/D1_3/D1_3_2/ID_2/round_1/phase3,D1_3/D1_3_2,ID_2,round_1,phase3,parent,21.0,1.0,11.0,A03701,1.0,1.0,4.0,1.0,3.0,2.0,3.0,3.0,1.0,5.0,0.0,,0 days 00:05:03.562500,19429,0 days 00:05:02,303,0 days 00:05:03.500000,1215,0 days 00:05:03.500000,1215
dataset_orig/D1_3/D1_3_2/ID_2/round_2/phase1,D1_3/D1_3_2,ID_2,round_2,phase1,parent,21.0,1.0,11.0,A03701,1.0,1.0,3.0,1.0,3.0,2.0,4.0,3.0,1.0,5.0,0.0,,0 days 00:05:03.687500,19437,0 days 00:05:03,304,0 days 00:05:03.500000,1215,0 days 00:05:03.500000,1215
dataset_orig/D1_3/D1_3_2/ID_2/round_2/phase2,D1_3/D1_3_2,ID_2,round_2,phase2,parent,21.0,1.0,11.0,A03701,1.0,1.0,4.0,1.0,4.0,2.0,3.0,3.0,1.0,5.0,0.0,3.0,0 days 00:05:22.765625,20658,0 days 00:05:22,323,0 days 00:05:22.500000,1291,0 days 00:05:22.500000,1291
dataset_orig/D1_3/D1_3_2/ID_2/round_2/phase3,D1_3/D1_3_2,ID_2,round_2,phase3,parent,21.0,1.0,11.0,A03701,1.0,1.0,4.0,1.0,3.0,2.0,3.0,3.0,1.0,5.0,0.0,,0 days 00:05:02.234375,19344,0 days 00:05:01,302,0 days 00:05:02,1209,0 days 00:05:02,1209
dataset_orig/D1_3/D1_3_2/ID_2/round_3/phase1,D1_3/D1_3_2,ID_2,round_3,phase1,parent,21.0,1.0,11.0,A03701,1.0,1.0,4.0,1.0,3.0,2.0,4.0,3.0,1.0,5.0,0.0,,0 days 00:04:19.937500,16637,0 days 00:04:19,260,0 days 00:04:19.750000,1040,0 days 00:04:19.750000,1040
dataset_orig/D1_3/D1_3_2/ID_2/round_3/phase2,D1_3/D1_3_2,ID_2,round_3,phase2,parent,21.0,1.0,11.0,A03701,1.0,1.0,4.0,1.0,3.0,3.0,3.0,3.0,1.0,5.0,1.0,4.0,0 days 00:05:18.296875,20372,0 days 00:05:17,318,0 days 00:05:18,1273,0 days 00:05:18,1273
dataset_orig/D1_3/D1_3_2/ID_2/round_3/phase3,D1_3/D1_3_2,ID_2,round_3,phase3,parent,21.0,1.0,11.0,A03701,1.0,1.0,3.0,1.0,2.0,2.0,3.0,3.0,1.0,4.0,1.0,,0 days 00:04:54.734375,18864,0 days 00:04:54,295,0 days 00:04:54.500000,1179,0 days 00:04:54.500000,1179
dataset_orig/D1_3/D1_3_2/ID_2/round_4/phase1,D1_3/D1_3_2,ID_2,round_4,phase1,parent,21.0,1.0,11.0,A03701,1.0,1.0,3.0,1.0,3.0,2.0,3.0,3.0,1.0,5.0,0.0,,0 days 00:05:05.453125,19550,0 days 00:05:05,306,0 days 00:05:05.250000,1222,0 days 00:05:05.250000,1222
dataset_orig/D1_3/D1_3_2/ID_2/round_4/phase2,D1_3/D1_3_2,ID_2,round_4,phase2,parent,21.0,1.0,11.0,A03701,1.0,1.0,4.0,1.0,4.0,2.0,3.0,4.0,1.0,5.0,0.0,3.0,0 days 00:05:11.625000,19945,0 days 00:05:10,311,0 days 00:05:11.250000,1246,0 days 00:05:11.250000,1246
dataset_orig/D1_3/D1_3_2/ID_2/round_4/phase3,D1_3/D1_3_2,ID_2,round_4,phase3,parent,21.0,1.0,11.0,A03701,1.0,1.0,3.0,1.0,3.0,1.0,3.0,3.0,1.0,3.0,0.0,,0 days 00:05:06.687500,19629,0 days 00:05:06,307,0 days 00:05:06.250000,1226,0 days 00:05:06.250000,1226
dataset_orig/D1_3/D1_3_2/ID_1/round_1/phase1,D1_3/D1_3_2,ID_1,round_1,phase1,puzzler,19.0,0.0,10.0,A03469,1.0,1.0,2.0,1.0,2.0,2.0,2.0,3.0,2.0,2.0,2.0,,0 days 00:05:03.593750,19431,0 days 00:05:02,303,0 days 00:05:03.500000,1215,0 days 00:05:03.500000,1215
dataset_orig/D1_3/D1_3_2/ID_1/round_1/phase2,D1_3/D1_3_2,ID_1,round_1,phase2,puzzler,19.0,0.0,10.0,A03469,2.0,1.0,1.0,2.0,2.0,2.0,3.0,2.0,2.0,3.0,3.0,2.0,0 days 00:05:17.875000,20345,0 days 00:05:17,318,0 days 00:05:17.500000,1271,0 days 00:05:17.500000,1271
dataset_orig/D1_3/D1_3_2/ID_1/round_1/phase3,D1_3/D1_3_2,ID_1,round_1,phase3,puzzler,19.0,0.0,10.0,A03469,1.0,1.0,3.0,1.0,3.0,3.0,4.0,3.0,2.0,4.0,2.0,,0 days 00:05:06.703125,19630,0 days 00:05:06,307,0 days 00:05:06.500000,1227,0 days 00:05:06.500000,1227
dataset_orig/D1_3/D1_3_2/ID_1/round_2/phase1,D1_3/D1_3_2,ID_1,round_2,phase1,puzzler,19.0,0.0,10.0,A03469,1.0,1.0,3.0,2.0,3.0,2.0,4.0,3.0,2.0,3.0,2.0,,0 days 00:05:02.687500,19373,0 days 00:05:02,303,0 days 00:05:02.250000,1210,0 days 00:05:02.250000,1210
dataset_orig/D1_3/D1_3_2/ID_1/round_2/phase2,D1_3/D1_3_2,ID_1,round_2,phase2,puzzler,19.0,0.0,10.0,A03469,3.0,1.0,3.0,2.0,3.0,3.0,4.0,4.0,2.0,4.0,2.0,2.0,0 days 00:05:20.093750,20487,0 days 00:05:19,320,0 days 00:05:19.750000,1280,0 days 00:05:19.750000,1280
dataset_orig/D1_3/D1_3_2/ID_1/round_2/phase3,D1_3/D1_3_2,ID_1,round_2,phase3,puzzler,19.0,0.0,10.0,A03469,1.0,1.0,2.0,1.0,3.0,2.0,3.0,3.0,2.0,3.0,2.0,,0 days 00:05:01.625000,19305,0 days 00:05:00,301,0 days 00:05:01.250000,1206,0 days 00:05:01.250000,1206
dataset_orig/D1_3/D1_3_2/ID_1/round_3/phase1,D1_3/D1_3_2,ID_1,round_3,phase1,puzzler,19.0,0.0,10.0,A03469,1.0,1.0,2.0,1.0,3.0,2.0,3.0,3.0,2.0,3.0,2.0,,0 days 00:04:20.093750,16647,0 days 00:04:20,261,0 days 00:04:20,1041,0 days 00:04:20,1041
dataset_orig/D1_3/D1_3_2/ID_1/round_3/phase2,D1_3/D1_3_2,ID_1,round_3,phase2,puzzler,19.0,0.0,10.0,A03469,2.0,1.0,3.0,2.0,2.0,2.0,3.0,3.0,1.0,3.0,3.0,3.0,0 days 00:05:14.046875,20100,0 days 00:05:13,314,0 days 00:05:13.750000,1256,0 days 00:05:13.750000,1256
dataset_orig/D1_3/D1_3_2/ID_1/round_3/phase3,D1_3/D1_3_2,ID_1,round_3,phase3,puzzler,19.0,0.0,10.0,A03469,1.0,1.0,2.0,1.0,2.0,2.0,2.0,3.0,1.0,2.0,2.0,,0 days 00:04:54.593750,18855,0 days 00:04:53,294,0 days 00:04:54.250000,1178,0 days 00:04:54.250000,1178
dataset_orig/D1_3/D1_3_2/ID_1/round_4/phase1,D1_3/D1_3_2,ID_1,round_4,phase1,puzzler,19.0,0.0,10.0,A03469,1.0,1.0,1.0,1.0,2.0,1.0,2.0,2.0,1.0,2.0,1.0,,0 days 00:05:05.265625,19538,0 days 00:05:05,306,0 days 00:05:05,1221,0 days 00:05:05,1221
dataset_orig/D1_3/D1_3_2/ID_1/round_4/phase2,D1_3/D1_3_2,ID_1,round_4,phase2,puzzler,19.0,0.0,10.0,A03469,1.0,1.0,2.0,1.0,3.0,2.0,3.0,4.0,1.0,3.0,0.0,2.0,0 days 00:05:14.953125,20158,0 days 00:05:14,315,0 days 00:05:14.750000,1260,0 days 00:05:14.750000,1260
dataset_orig/D1_3/D1_3_2/ID_1/round_4/phase3,D1_3/D1_3_2,ID_1,round_4,phase3,puzzler,19.0,0.0,10.0,A03469,1.0,1.0,1.0,1.0,1.0,1.0,1.0,1.0,1.0,1.0,0.0,,0 days 00:05:08.296875,19732,0 days 00:05:07,308,0 days 00:05:08,1233,0 days 00:05:08,1233
dataset_orig/D1_3/D1_3_3/ID_2/round_1/phase1,D1_3/D1_3_3,ID_2,round_1,phase1,puzzler,23.0,0.0,12.0,A0306B,1.0,1.0,2.0,1.0,2.0,2.0,4.0,4.0,1.0,3.0,0.0,,0 days 00:04:07.125000,15817,0 days 00:04:07,248,0 days 00:04:07,989,0 days 00:04:07,989
dataset_orig/D1_3/D1_3_3/ID_2/round_1/phase2,D1_3/D1_3_3,ID_2,round_1,phase2,puzzler,23.0,0.0,12.0,A0306B,2.0,1.0,3.0,1.0,3.0,1.0,4.0,4.0,1.0,4.0,3.0,4.0,0 days 00:05:15.765625,20210,0 days 00:05:15,316,0 days 00:05:15.500000,1263,0 days 00:05:15.500000,1263
dataset_orig/D1_3/D1_3_3/ID_2/round_1/phase3,D1_3/D1_3_3,ID_2,round_1,phase3,puzzler,23.0,0.0,12.0,A0306B,1.0,1.0,3.0,1.0,3.0,1.0,4.0,3.0,1.0,3.0,2.0,,0 days 00:04:45.484375,18272,0 days 00:04:45,286,0 days 00:04:45.250000,1142,0 days 00:04:45.250000,1142
dataset_orig/D1_3/D1_3_3/ID_2/round_2/phase1,D1_3/D1_3_3,ID_2,round_2,phase1,puzzler,23.0,0.0,12.0,A0306B,1.0,1.0,2.0,1.0,3.0,1.0,3.0,3.0,1.0,3.0,1.0,,0 days 00:04:57.843750,19063,0 days 00:04:56,297,0 days 00:04:57.500000,1191,0 days 00:04:57.500000,1191
dataset_orig/D1_3/D1_3_3/ID_2/round_2/phase2,D1_3/D1_3_3,ID_2,round_2,phase2,puzzler,23.0,0.0,12.0,A0306B,2.0,1.0,2.0,1.0,2.0,1.0,2.0,3.0,1.0,3.0,2.0,5.0,0 days 00:05:11.375000,19929,0 days 00:05:11,312,0 days 00:05:11.250000,1246,0 days 00:05:11.250000,1246
dataset_orig/D1_3/D1_3_3/ID_2/round_2/phase3,D1_3/D1_3_3,ID_2,round_2,phase3,puzzler,23.0,0.0,12.0,A0306B,2.0,1.0,2.0,1.0,1.0,1.0,2.0,3.0,1.0,3.0,6.0,,0 days 00:05:07.312500,19669,0 days 00:05:06,307,0 days 00:05:07,1229,0 days 00:05:07,1229
dataset_orig/D1_3/D1_3_3/ID_2/round_3/phase1,D1_3/D1_3_3,ID_2,round_3,phase1,puzzler,23.0,0.0,12.0,A0306B,2.0,1.0,3.0,1.0,1.0,1.0,4.0,4.0,1.0,3.0,2.0,,0 days 00:03:43.437500,14301,0 days 00:03:43,224,0 days 00:03:43.250000,894,0 days 00:03:43.250000,894
dataset_orig/D1_3/D1_3_3/ID_2/round_3/phase2,D1_3/D1_3_3,ID_2,round_3,phase2,puzzler,23.0,0.0,12.0,A0306B,2.0,1.0,2.0,1.0,1.0,1.0,2.0,2.0,1.0,2.0,6.0,6.0,0 days 00:05:10.187500,19853,0 days 00:05:09,310,0 days 00:05:10,1241,0 days 00:05:10,1241
dataset_orig/D1_3/D1_3_3/ID_2/round_3/phase3,D1_3/D1_3_3,ID_2,round_3,phase3,puzzler,23.0,0.0,12.0,A0306B,2.0,1.0,2.0,1.0,1.0,1.0,2.0,2.0,1.0,2.0,4.0,,0 days 00:05:11.765625,19954,0 days 00:05:10,311,0 days 00:05:11.500000,1247,0 days 00:05:11.500000,1247
dataset_orig/D1_3/D1_3_3/ID_2/round_4/phase1,D1_3/D1_3_3,ID_2,round_4,phase1,puzzler,23.0,0.0,12.0,A0306B,2.0,1.0,3.0,1.0,1.0,1.0,4.0,4.0,1.0,3.0,2.0,,0 days 00:05:05.593750,19559,0 days 00:05:05,306,0 days 00:05:05.250000,1222,0 days 00:05:05.250000,1222
dataset_orig/D1_3/D1_3_3/ID_2/round_4/phase2,D1_3/D1_3_3,ID_2,round_4,phase2,puzzler,23.0,0.0,12.0,A0306B,3.0,2.0,2.0,1.0,1.0,1.0,1.0,1.0,1.0,3.0,7.0,5.0,0 days 00:05:20.984375,20544,0 days 00:05:20,321,0 days 00:05:20.750000,1284,0 days 00:05:20.750000,1284
dataset_orig/D1_3/D1_3_3/ID_2/round_4/phase3,D1_3/D1_3_3,ID_2,round_4,phase3,puzzler,23.0,0.0,12.0,A0306B,2.0,1.0,1.0,1.0,1.0,1.0,1.0,2.0,1.0,2.0,7.0,,0 days 00:05:11.734375,19952,0 days 00:05:11,312,0 days 00:05:11.500000,1247,0 days 00:05:11.500000,1247
dataset_orig/D1_3/D1_3_3/ID_1/round_1/phase1,D1_3/D1_3_3,ID_1,round_1,phase1,parent,24.0,1.0,12.0,A03701,1.0,1.0,2.0,1.0,1.0,1.0,1.0,2.0,1.0,2.0,5.0,,0 days 00:04:07.703125,15854,0 days 00:04:06,247,0 days 00:04:07.500000,991,0 days 00:04:07.500000,991
dataset_orig/D1_3/D1_3_3/ID_1/round_1/phase2,D1_3/D1_3_3,ID_1,round_1,phase2,parent,24.0,1.0,12.0,A03701,1.0,1.0,3.0,1.0,2.0,1.0,3.0,3.0,1.0,3.0,2.0,7.0,0 days 00:05:17.296875,20308,0 days 00:05:17,318,0 days 00:05:17,1269,0 days 00:05:17,1269
dataset_orig/D1_3/D1_3_3/ID_1/round_1/phase3,D1_3/D1_3_3,ID_1,round_1,phase3,parent,24.0,1.0,12.0,A03701,1.0,1.0,2.0,1.0,2.0,1.0,2.0,2.0,1.0,2.0,2.0,,0 days 00:04:43.484375,18144,0 days 00:04:42,283,0 days 00:04:43.250000,1134,0 days 00:04:43.250000,1134
dataset_orig/D1_3/D1_3_3/ID_1/round_2/phase1,D1_3/D1_3_3,ID_1,round_2,phase1,parent,24.0,1.0,12.0,A03701,1.0,2.0,2.0,1.0,1.0,3.0,2.0,2.0,1.0,2.0,5.0,,0 days 00:04:58.093750,19079,0 days 00:04:57,298,0 days 00:04:58,1193,0 days 00:04:58,1193
dataset_orig/D1_3/D1_3_3/ID_1/round_2/phase2,D1_3/D1_3_3,ID_1,round_2,phase2,parent,24.0,1.0,12.0,A03701,2.0,1.0,3.0,3.0,2.0,1.0,3.0,3.0,1.0,3.0,7.0,8.0,0 days 00:05:11.625000,19945,0 days 00:05:11,312,0 days 00:05:11.500000,1247,0 days 00:05:11.500000,1247
dataset_orig/D1_3/D1_3_3/ID_1/round_2/phase3,D1_3/D1_3_3,ID_1,round_2,phase3,parent,24.0,1.0,12.0,A03701,3.0,1.0,3.0,2.0,1.0,1.0,1.0,1.0,1.0,1.0,7.0,,0 days 00:05:07.390625,19674,0 days 00:05:07,308,0 days 00:05:07.250000,1230,0 days 00:05:07.250000,1230
dataset_orig/D1_3/D1_3_3/ID_1/round_3/phase1,D1_3/D1_3_3,ID_1,round_3,phase1,parent,24.0,1.0,12.0,A03701,1.0,1.0,1.0,1.0,1.0,1.0,1.0,1.0,1.0,1.0,2.0,,0 days 00:03:46.125000,14473,0 days 00:03:46,227,0 days 00:03:46,905,0 days 00:03:46,905
dataset_orig/D1_3/D1_3_3/ID_1/round_3/phase2,D1_3/D1_3_3,ID_1,round_3,phase2,parent,24.0,1.0,12.0,A03701,2.0,1.0,2.0,1.0,1.0,1.0,2.0,2.0,1.0,2.0,8.0,8.0,0 days 00:05:10.921875,19900,0 days 00:05:10,311,0 days 00:05:10.750000,1244,0 days 00:05:10.750000,1244
dataset_orig/D1_3/D1_3_3/ID_1/round_3/phase3,D1_3/D1_3_3,ID_1,round_3,phase3,parent,24.0,1.0,12.0,A03701,3.0,2.0,2.0,1.0,1.0,1.0,3.0,2.0,1.0,3.0,6.0,,0 days 00:05:12.140625,19978,0 days 00:05:12,313,0 days 00:05:12,1249,0 days 00:05:12,1249
dataset_orig/D1_3/D1_3_3/ID_1/round_4/phase1,D1_3/D1_3_3,ID_1,round_4,phase1,parent,24.0,1.0,12.0,A03701,1.0,1.0,1.0,1.0,1.0,1.0,1.0,1.0,1.0,1.0,2.0,,0 days 00:05:05.218750,19535,0 days 00:05:05,306,0 days 00:05:05,1221,0 days 00:05:05,1221
dataset_orig/D1_3/D1_3_3/ID_1/round_4/phase2,D1_3/D1_3_3,ID_1,round_4,phase2,parent,24.0,1.0,12.0,A03701,1.0,1.0,3.0,1.0,3.0,1.0,4.0,3.0,1.0,4.0,2.0,8.0,0 days 00:05:19.859375,20472,0 days 00:05:19,320,0 days 00:05:19.750000,1280,0 days 00:05:19.750000,1280
dataset_orig/D1_3/D1_3_3/ID_1/round_4/phase3,D1_3/D1_3_3,ID_1,round_4,phase3,parent,24.0,1.0,12.0,A03701,1.0,1.0,2.0,1.0,2.0,1.0,1.0,2.0,1.0,1.0,1.0,,0 days 00:05:11.093750,19911,0 days 00:05:10,311,0 days 00:05:10.750000,1244,0 days 00:05:10.750000,1244
dataset_orig/D1_3/D1_3_4/ID_2/round_1/phase1,D1_3/D1_3_4,ID_2,round_1,phase1,puzzler,25.0,0.0,13.0,A03857,1.0,1.0,2.0,1.0,1.0,2.0,2.0,2.0,1.0,2.0,0.0,,0 days 00:05:10.312500,19861,0 days 00:05:09,310,0 days 00:05:10.250000,1242,0 days 00:05:10.250000,1242
dataset_orig/D1_3/D1_3_4/ID_2/round_1/phase2,D1_3/D1_3_4,ID_2,round_1,phase2,puzzler,25.0,0.0,13.0,A03857,1.0,1.0,3.0,1.0,2.0,2.0,3.0,2.0,1.0,2.0,1.0,2.0,0 days 00:05:32.562500,21285,0 days 00:05:32,333,0 days 00:05:32.250000,1330,0 days 00:05:32.250000,1330
dataset_orig/D1_3/D1_3_4/ID_2/round_1/phase3,D1_3/D1_3_4,ID_2,round_1,phase3,puzzler,25.0,0.0,13.0,A03857,1.0,1.0,3.0,1.0,2.0,2.0,3.0,2.0,1.0,2.0,1.0,,0 days 00:05:12.234375,19984,0 days 00:05:12,313,0 days 00:05:12,1249,0 days 00:05:12,1249
dataset_orig/D1_3/D1_3_4/ID_2/round_2/phase1,D1_3/D1_3_4,ID_2,round_2,phase1,puzzler,25.0,0.0,13.0,A03857,1.0,1.0,1.0,1.0,1.0,1.0,1.0,2.0,1.0,1.0,0.0,,0 days 00:05:26.546875,20900,0 days 00:05:26,327,0 days 00:05:26.250000,1306,0 days 00:05:26.250000,1306
dataset_orig/D1_3/D1_3_4/ID_2/round_2/phase2,D1_3/D1_3_4,ID_2,round_2,phase2,puzzler,25.0,0.0,13.0,A03857,2.0,1.0,2.0,1.0,1.0,1.0,3.0,2.0,1.0,1.0,2.0,3.0,0 days 00:05:06.984375,19648,0 days 00:05:06,307,0 days 00:05:06.750000,1228,0 days 00:05:06.750000,1228
dataset_orig/D1_3/D1_3_4/ID_2/round_2/phase3,D1_3/D1_3_4,ID_2,round_2,phase3,puzzler,25.0,0.0,13.0,A03857,2.0,1.0,2.0,1.0,1.0,1.0,3.0,2.0,1.0,1.0,2.0,,0 days 00:05:06.875000,19641,0 days 00:05:06,307,0 days 00:05:06.500000,1227,0 days 00:05:06.500000,1227
dataset_orig/D1_3/D1_3_4/ID_2/round_3/phase1,D1_3/D1_3_4,ID_2,round_3,phase1,puzzler,25.0,0.0,13.0,A03857,1.0,1.0,1.0,1.0,1.0,1.0,1.0,1.0,1.0,1.0,0.0,,0 days 00:05:03.328125,19414,0 days 00:05:03,304,0 days 00:05:03.250000,1214,0 days 00:05:03.250000,1214
dataset_orig/D1_3/D1_3_4/ID_2/round_3/phase2,D1_3/D1_3_4,ID_2,round_3,phase2,puzzler,25.0,0.0,13.0,A03857,1.0,1.0,2.0,1.0,2.0,1.0,2.0,2.0,1.0,2.0,0.0,1.0,0 days 00:05:05.171875,19532,0 days 00:05:05,306,0 days 00:05:05,1221,0 days 00:05:05,1221
dataset_orig/D1_3/D1_3_4/ID_2/round_3/phase3,D1_3/D1_3_4,ID_2,round_3,phase3,puzzler,25.0,0.0,13.0,A03857,1.0,1.0,1.0,1.0,1.0,1.0,1.0,1.0,1.0,1.0,0.0,,0 days 00:05:07.265625,19666,0 days 00:05:06,307,0 days 00:05:07,1229,0 days 00:05:07,1229
dataset_orig/D1_3/D1_3_4/ID_2/round_4/phase1,D1_3/D1_3_4,ID_2,round_4,phase1,puzzler,25.0,0.0,13.0,A03857,1.0,1.0,2.0,1.0,2.0,1.0,2.0,2.0,1.0,2.0,0.0,,0 days 00:05:05.984375,19584,0 days 00:05:05,306,0 days 00:05:05.750000,1224,0 days 00:05:05.750000,1224
dataset_orig/D1_3/D1_3_4/ID_2/round_4/phase2,D1_3/D1_3_4,ID_2,round_4,phase2,puzzler,25.0,0.0,13.0,A03857,1.0,1.0,2.0,1.0,2.0,2.0,2.0,2.0,1.0,2.0,1.0,2.0,0 days 00:05:08.562500,19749,0 days 00:05:07,308,0 days 00:05:08.250000,1234,0 days 00:05:08.250000,1234
dataset_orig/D1_3/D1_3_4/ID_2/round_4/phase3,D1_3/D1_3_4,ID_2,round_4,phase3,puzzler,25.0,0.0,13.0,A03857,1.0,1.0,1.0,1.0,1.0,1.0,1.0,1.0,1.0,1.0,0.0,,0 days 00:05:02.703125,19374,0 days 00:05:02,303,0 days 00:05:02.500000,1211,0 days 00:05:02.500000,1211
dataset_orig/D1_3/D1_3_4/ID_1/round_1/phase1,D1_3/D1_3_4,ID_1,round_1,phase1,parent,26.0,1.0,13.0,A03469,1.0,1.0,2.0,1.0,2.0,3.0,4.0,4.0,1.0,2.0,0.0,,0 days 00:05:09.593750,19815,0 days 00:05:08,309,0 days 00:05:09.500000,1239,0 days 00:05:09.500000,1239
dataset_orig/D1_3/D1_3_4/ID_1/round_1/phase2,D1_3/D1_3_4,ID_1,round_1,phase2,parent,26.0,1.0,13.0,A03469,1.0,1.0,2.0,2.0,2.0,3.0,3.0,4.0,1.0,3.0,1.0,6.0,0 days 00:05:29.265625,21074,0 days 00:05:28,329,0 days 00:05:29,1317,0 days 00:05:29,1317
dataset_orig/D1_3/D1_3_4/ID_1/round_1/phase3,D1_3/D1_3_4,ID_1,round_1,phase3,parent,26.0,1.0,13.0,A03469,1.0,1.0,2.0,2.0,2.0,3.0,3.0,4.0,1.0,3.0,1.0,,0 days 00:05:12.875000,20025,0 days 00:05:12,313,0 days 00:05:12.500000,1251,0 days 00:05:12.500000,1251
dataset_orig/D1_3/D1_3_4/ID_1/round_2/phase1,D1_3/D1_3_4,ID_1,round_2,phase1,parent,26.0,1.0,13.0,A03469,1.0,1.0,1.0,1.0,2.0,1.0,3.0,3.0,1.0,1.0,0.0,,0 days 00:05:25.906250,20859,0 days 00:05:25,326,0 days 00:05:25.750000,1304,0 days 00:05:25.750000,1304
dataset_orig/D1_3/D1_3_4/ID_1/round_2/phase2,D1_3/D1_3_4,ID_1,round_2,phase2,parent,26.0,1.0,13.0,A03469,3.0,1.0,2.0,1.0,2.0,2.0,4.0,4.0,1.0,3.0,3.0,7.0,0 days 00:05:06.687500,19629,0 days 00:05:06,307,0 days 00:05:06.500000,1227,0 days 00:05:06.500000,1227
dataset_orig/D1_3/D1_3_4/ID_1/round_2/phase3,D1_3/D1_3_4,ID_1,round_2,phase3,parent,26.0,1.0,13.0,A03469,3.0,1.0,2.0,1.0,2.0,2.0,4.0,4.0,1.0,3.0,3.0,,0 days 00:05:07.515625,19682,0 days 00:05:07,308,0 days 00:05:07.250000,1230,0 days 00:05:07.250000,1230
dataset_orig/D1_3/D1_3_4/ID_1/round_3/phase1,D1_3/D1_3_4,ID_1,round_3,phase1,parent,26.0,1.0,13.0,A03469,1.0,1.0,1.0,1.0,3.0,1.0,3.0,3.0,1.0,3.0,0.0,,0 days 00:05:03.125000,19401,0 days 00:05:02,303,0 days 00:05:02.750000,1212,0 days 00:05:02.750000,1212
dataset_orig/D1_3/D1_3_4/ID_1/round_3/phase2,D1_3/D1_3_4,ID_1,round_3,phase2,parent,26.0,1.0,13.0,A03469,1.0,2.0,4.0,1.0,4.0,2.0,4.0,4.0,1.0,4.0,4.0,5.0,0 days 00:05:08.531250,19747,0 days 00:05:07,308,0 days 00:05:08.250000,1234,0 days 00:05:08.250000,1234
dataset_orig/D1_3/D1_3_4/ID_1/round_3/phase3,D1_3/D1_3_4,ID_1,round_3,phase3,parent,26.0,1.0,13.0,A03469,1.0,1.0,2.0,1.0,4.0,1.0,4.0,3.0,1.0,2.0,0.0,,0 days 00:05:07.875000,19705,0 days 00:05:07,308,0 days 00:05:07.500000,1231,0 days 00:05:07.500000,1231
dataset_orig/D1_3/D1_3_4/ID_1/round_4/phase1,D1_3/D1_3_4,ID_1,round_4,phase1,parent,26.0,1.0,13.0,A03469,1.0,1.0,1.0,1.0,2.0,2.0,5.0,3.0,1.0,2.0,0.0,,0 days 00:05:06.015625,19586,0 days 00:05:05,306,0 days 00:05:05.750000,1224,0 days 00:05:05.750000,1224
dataset_orig/D1_3/D1_3_4/ID_1/round_4/phase2,D1_3/D1_3_4,ID_1,round_4,phase2,parent,26.0,1.0,13.0,A03469,2.0,3.0,4.0,1.0,2.0,2.0,4.0,4.0,1.0,4.0,4.0,6.0,0 days 00:05:09.984375,19840,0 days 00:05:09,310,0 days 00:05:09.750000,1240,0 days 00:05:09.750000,1240
dataset_orig/D1_3/D1_3_4/ID_1/round_4/phase3,D1_3/D1_3_4,ID_1,round_4,phase3,parent,26.0,1.0,13.0,A03469,1.0,1.0,2.0,1.0,3.0,1.0,3.0,2.0,1.0,2.0,0.0,,0 days 00:05:02.906250,19387,0 days 00:05:02,303,0 days 00:05:02.750000,1212,0 days 00:05:02.750000,1212
